Strategy,PitLaps,RaceTime
SOFT-HARD,[33],5643.237745454544
HARD-SOFT,[24],5643.237745454548
SOFT-HARD,[34],5643.339418181817
HARD-SOFT,[23],5643.33941818182
SOFT-HARD,[32],5643.361024242423
HARD-SOFT,[25],5643.361024242424
SOFT-HARD,[35],5643.666042424242
HARD-SOFT,[22],5643.666042424244
SOFT-HARD,[31],5643.709254545453
HARD-SOFT,[26],5643.709254545454
SOFT-HARD,[36],5644.217618181817
HARD-SOFT,[21],5644.217618181819
SOFT-HARD,[30],5644.282436363635
HARD-SOFT,[27],5644.282436363638
SOFT-HARD,[37],5644.994145454544
HARD-SOFT,[20],5644.994145454546
SOFT-HARD,[29],5645.080569696968
HARD-SOFT,[28],5645.080569696971
MEDIUM-HARD-SOFT,"[13, 31]",5645.452224242424
HARD-MEDIUM-SOFT,"[18, 31]",5645.452224242424
MEDIUM-SOFT-HARD,"[13, 39]",5645.452224242424
HARD-SOFT-MEDIUM,"[18, 44]",5645.4522242424255
MEDIUM-SOFT-HARD,"[13, 38]",5645.458666666665
MEDIUM-HARD-SOFT,"[13, 32]",5645.4586666666655
HARD-MEDIUM-SOFT,"[19, 32]",5645.458666666667
HARD-SOFT-MEDIUM,"[19, 44]",5645.458666666667
MEDIUM-HARD-SOFT,"[12, 31]",5645.5079878787865
MEDIUM-SOFT-HARD,"[12, 38]",5645.507987878787
HARD-MEDIUM-SOFT,"[19, 31]",5645.507987878788
MEDIUM-HARD-SOFT,"[14, 32]",5645.58878181818
MEDIUM-SOFT-HARD,"[14, 39]",5645.588781818181
HARD-MEDIUM-SOFT,"[18, 32]",5645.588781818182
HARD-SOFT-MEDIUM,"[18, 43]",5645.588781818183
MEDIUM-HARD-SOFT,"[12, 30]",5645.596381818181
MEDIUM-SOFT-HARD,"[12, 39]",5645.596381818182
HARD-MEDIUM-SOFT,"[18, 30]",5645.596381818183
MEDIUM-SOFT-HARD,"[12, 37]",5645.644545454545
MEDIUM-HARD-SOFT,"[12, 32]",5645.644545454545
HARD-MEDIUM-SOFT,"[20, 32]",5645.644545454545
MEDIUM-SOFT-HARD,"[13, 40]",5645.670733333332
MEDIUM-HARD-SOFT,"[13, 30]",5645.6707333333325
HARD-SOFT-MEDIUM,"[17, 44]",5645.670733333334
HARD-MEDIUM-SOFT,"[17, 30]",5645.670733333334
SOFT-HARD-MEDIUM,"[24, 43]",5645.690060606059
MEDIUM-SOFT-HARD,"[14, 38]",5645.690060606059
MEDIUM-SOFT-HARD,"[13, 37]",5645.690060606059
SOFT-MEDIUM-HARD,"[24, 38]",5645.690060606059
SOFT-MEDIUM-HARD,"[24, 37]",5645.690060606059
SOFT-HARD-MEDIUM,"[24, 44]",5645.690060606059
MEDIUM-HARD-SOFT,"[13, 33]",5645.690060606061
MEDIUM-HARD-SOFT,"[14, 33]",5645.690060606061
HARD-MEDIUM-SOFT,"[19, 33]",5645.690060606061
HARD-MEDIUM-SOFT,"[20, 33]",5645.690060606061
HARD-SOFT-MEDIUM,"[19, 43]",5645.690060606062
HARD-SOFT-MEDIUM,"[20, 44]",5645.690060606062
MEDIUM-SOFT-HARD,"[14, 40]",5645.7124545454535
MEDIUM-HARD-SOFT,"[14, 31]",5645.712454545454
HARD-MEDIUM-SOFT,"[17, 31]",5645.712454545454
HARD-SOFT-MEDIUM,"[17, 43]",5645.712454545455
MEDIUM-HARD-SOFT,"[11, 30]",5645.838024242423
MEDIUM-SOFT-HARD,"[11, 38]",5645.838024242423
HARD-MEDIUM-SOFT,"[19, 30]",5645.838024242425
MEDIUM-SOFT-HARD,"[11, 37]",5645.879745454544
MEDIUM-HARD-SOFT,"[11, 31]",5645.879745454545
HARD-MEDIUM-SOFT,"[20, 31]",5645.8797454545465
MEDIUM-SOFT-HARD,"[12, 40]",5645.909727272727
MEDIUM-HARD-SOFT,"[12, 29]",5645.909727272728
HARD-MEDIUM-SOFT,"[17, 29]",5645.909727272728
SOFT-HARD,[38],5645.995624242422
HARD-SOFT,[19],5645.995624242425
SOFT-HARD-MEDIUM,"[24, 42]",5646.0060545454535
SOFT-MEDIUM-HARD,"[24, 36]",5646.0060545454535
HARD-MEDIUM-SOFT,"[18, 33]",5646.006054545454
MEDIUM-HARD-SOFT,"[12, 33]",5646.006054545454
MEDIUM-SOFT-HARD,"[15, 39]",5646.006054545454
MEDIUM-SOFT-HARD,"[12, 36]",5646.006054545454
SOFT-MEDIUM-HARD,"[24, 39]",5646.006054545454
MEDIUM-HARD-SOFT,"[15, 33]",5646.006054545454
HARD-MEDIUM-SOFT,"[21, 33]",5646.006054545454
HARD-SOFT-MEDIUM,"[18, 42]",5646.006054545456
MEDIUM-SOFT-HARD,"[14, 37]",5646.01629090909
SOFT-MEDIUM-HARD,"[23, 37]",5646.01629090909
MEDIUM-HARD-SOFT,"[14, 34]",5646.0162909090905
SOFT-HARD-MEDIUM,"[23, 43]",5646.0162909090905
HARD-SOFT-MEDIUM,"[20, 43]",5646.016290909092
HARD-MEDIUM-SOFT,"[20, 34]",5646.016290909092
MEDIUM-HARD-SOFT,"[11, 29]",5646.021254545453
MEDIUM-SOFT-HARD,"[11, 39]",5646.021254545454
HARD-MEDIUM-SOFT,"[18, 29]",5646.021254545455
MEDIUM-HARD-SOFT,"[15, 32]",5646.03489090909
MEDIUM-SOFT-HARD,"[15, 40]",5646.03489090909
HARD-SOFT-MEDIUM,"[17, 42]",5646.034890909092
HARD-MEDIUM-SOFT,"[17, 32]",5646.034890909092
MEDIUM-SOFT-HARD,"[14, 41]",5646.061078787877
MEDIUM-HARD-SOFT,"[14, 30]",5646.061078787878
HARD-MEDIUM-SOFT,"[16, 30]",5646.0610787878795
HARD-SOFT-MEDIUM,"[16, 43]",5646.0610787878795
SOFT-HARD,[28],5646.1036545454535
HARD-SOFT,[29],5646.103654545454
MEDIUM-SOFT-HARD,"[13, 41]",5646.114193939392
HARD-MEDIUM-SOFT,"[16, 29]",5646.114193939394
MEDIUM-HARD-SOFT,"[13, 29]",5646.114193939394
HARD-SOFT-MEDIUM,"[16, 44]",5646.114193939395
MEDIUM-HARD-SOFT,"[13, 34]",5646.146406060605
SOFT-MEDIUM-HARD,"[23, 36]",5646.146406060605
MEDIUM-SOFT-HARD,"[13, 36]",5646.146406060605
SOFT-HARD-MEDIUM,"[23, 44]",5646.146406060606
HARD-MEDIUM-SOFT,"[21, 34]",5646.146406060607
HARD-SOFT-MEDIUM,"[21, 44]",5646.146406060607
MEDIUM-HARD-SOFT,"[11, 32]",5646.146418181817
HARD-MEDIUM-SOFT,"[21, 32]",5646.146418181817
MEDIUM-SOFT-HARD,"[11, 36]",5646.146418181817
SOFT-MEDIUM-HARD,"[23, 38]",5646.202169696969
MEDIUM-SOFT-HARD,"[15, 38]",5646.202169696969
MEDIUM-HARD-SOFT,"[15, 34]",5646.20216969697
SOFT-HARD-MEDIUM,"[23, 42]",5646.20216969697
HARD-SOFT-MEDIUM,"[19, 42]",5646.202169696971
HARD-MEDIUM-SOFT,"[19, 34]",5646.202169696971
MEDIUM-HARD-SOFT,"[15, 31]",5646.288678787877
MEDIUM-SOFT-HARD,"[15, 41]",5646.288678787878
HARD-MEDIUM-SOFT,"[16, 31]",5646.288678787879
HARD-SOFT-MEDIUM,"[16, 42]",5646.28867878788
MEDIUM-SOFT-HARD,"[10, 37]",5646.395660606059
MEDIUM-HARD-SOFT,"[10, 30]",5646.39566060606
HARD-MEDIUM-SOFT,"[20, 30]",5646.395660606062
MEDIUM-SOFT-HARD,"[11, 40]",5646.429436363635
MEDIUM-HARD-SOFT,"[11, 28]",5646.429436363636
HARD-MEDIUM-SOFT,"[17, 28]",5646.429436363638
MEDIUM-SOFT-HARD,"[12, 41]",5646.448024242423
HARD-MEDIUM-SOFT,"[16, 28]",5646.448024242425
MEDIUM-HARD-SOFT,"[12, 28]",5646.448024242425
MEDIUM-SOFT-HARD,"[10, 38]",5646.448775757574
MEDIUM-HARD-SOFT,"[10, 29]",5646.448775757576
HARD-MEDIUM-SOFT,"[19, 29]",5646.448775757576
SOFT-MEDIUM-HARD,"[22, 36]",5646.567472727272
MEDIUM-SOFT-HARD,"[14, 36]",5646.567472727272
SOFT-HARD-MEDIUM,"[22, 43]",5646.567472727272
MEDIUM-HARD-SOFT,"[14, 35]",5646.567472727273
HARD-SOFT-MEDIUM,"[21, 43]",5646.5674727272735
HARD-MEDIUM-SOFT,"[21, 35]",5646.567472727274
MEDIUM-SOFT-HARD,"[10, 36]",5646.567496969696
HARD-MEDIUM-SOFT,"[21, 31]",5646.567496969697
MEDIUM-HARD-SOFT,"[10, 31]",5646.567496969697
MEDIUM-HARD-SOFT,"[12, 34]",5646.592515151515
SOFT-MEDIUM-HARD,"[23, 35]",5646.592515151515
MEDIUM-SOFT-HARD,"[12, 35]",5646.592515151516
HARD-MEDIUM-SOFT,"[22, 34]",5646.592515151517
MEDIUM-HARD-SOFT,"[15, 35]",5646.623236363635
SOFT-MEDIUM-HARD,"[22, 37]",5646.623236363635
SOFT-HARD-MEDIUM,"[22, 42]",5646.623236363635
MEDIUM-SOFT-HARD,"[15, 37]",5646.623236363635
HARD-MEDIUM-SOFT,"[20, 35]",5646.623236363637
HARD-SOFT-MEDIUM,"[20, 42]",5646.623236363638
MEDIUM-SOFT-HARD,"[14, 42]",5646.634654545453
MEDIUM-HARD-SOFT,"[14, 29]",5646.6346545454535
HARD-SOFT-MEDIUM,"[15, 43]",5646.634654545455
HARD-MEDIUM-SOFT,"[15, 29]",5646.634654545455
SOFT-MEDIUM-HARD,"[24, 40]",5646.638042424242
SOFT-MEDIUM-HARD,"[24, 35]",5646.638042424242
MEDIUM-SOFT-HARD,"[11, 35]",5646.638042424242
MEDIUM-HARD-SOFT,"[11, 33]",5646.638042424242
SOFT-HARD-MEDIUM,"[24, 41]",5646.638042424242
MEDIUM-HARD-SOFT,"[16, 33]",5646.638042424242
MEDIUM-SOFT-HARD,"[16, 40]",5646.638042424242
HARD-SOFT-MEDIUM,"[17, 41]",5646.638042424243
HARD-MEDIUM-SOFT,"[17, 33]",5646.638042424243
HARD-MEDIUM-SOFT,"[22, 33]",5646.638042424243
SOFT-HARD-MEDIUM,"[23, 41]",5646.704042424241
MEDIUM-SOFT-HARD,"[16, 39]",5646.704042424242
HARD-MEDIUM-SOFT,"[18, 34]",5646.704042424242
SOFT-MEDIUM-HARD,"[23, 39]",5646.704042424242
MEDIUM-HARD-SOFT,"[16, 34]",5646.704042424242
HARD-SOFT-MEDIUM,"[18, 41]",5646.704042424244
MEDIUM-SOFT-HARD,"[10, 39]",5646.726842424242
HARD-MEDIUM-SOFT,"[18, 28]",5646.726842424243
MEDIUM-HARD-SOFT,"[10, 28]",5646.726842424243
MEDIUM-HARD-SOFT,"[15, 30]",5646.7674181818165
MEDIUM-SOFT-HARD,"[15, 42]",5646.767418181817
HARD-MEDIUM-SOFT,"[15, 30]",5646.767418181818
HARD-SOFT-MEDIUM,"[15, 42]",5646.767418181819
MEDIUM-SOFT-HARD,"[13, 42]",5646.782606060605
MEDIUM-HARD-SOFT,"[13, 28]",5646.782606060606
HARD-SOFT-MEDIUM,"[15, 44]",5646.782606060607
HARD-MEDIUM-SOFT,"[15, 28]",5646.782606060608
MEDIUM-SOFT-HARD,"[16, 41]",5646.796993939392
HARD-MEDIUM-SOFT,"[16, 32]",5646.796993939393
MEDIUM-HARD-SOFT,"[16, 32]",5646.796993939393
HARD-SOFT-MEDIUM,"[16, 41]",5646.796993939394
SOFT-HARD-MEDIUM,"[22, 44]",5646.827703030302
MEDIUM-SOFT-HARD,"[13, 35]",5646.8277030303025
SOFT-MEDIUM-HARD,"[22, 35]",5646.8277030303025
MEDIUM-HARD-SOFT,"[13, 35]",5646.827703030303
HARD-MEDIUM-SOFT,"[22, 35]",5646.827703030303
HARD-SOFT-MEDIUM,"[22, 44]",5646.827703030304
MEDIUM-HARD-SOFT,"[10, 32]",5646.964284848484
MEDIUM-SOFT-HARD,"[10, 35]",5646.964284848485
HARD-MEDIUM-SOFT,"[22, 32]",5646.9642848484855
MEDIUM-SOFT-HARD,"[16, 38]",5646.994993939393
SOFT-MEDIUM-HARD,"[22, 38]",5646.994993939393
SOFT-HARD-MEDIUM,"[22, 41]",5646.994993939393
MEDIUM-HARD-SOFT,"[16, 35]",5646.994993939394
HARD-MEDIUM-SOFT,"[19, 35]",5646.9949939393955
HARD-SOFT-MEDIUM,"[19, 41]",5646.9949939393955
MEDIUM-SOFT-HARD,"[11, 41]",5647.062569696968
MEDIUM-HARD-SOFT,"[11, 27]",5647.06256969697
HARD-MEDIUM-SOFT,"[16, 27]",5647.06256969697
MEDIUM-SOFT-HARD,"[16, 42]",5647.180896969696
HARD-MEDIUM-SOFT,"[15, 31]",5647.180896969697
MEDIUM-HARD-SOFT,"[16, 31]",5647.180896969697
HARD-SOFT-MEDIUM,"[15, 41]",5647.180896969698
MEDIUM-SOFT-HARD,"[12, 42]",5647.211272727272
MEDIUM-HARD-SOFT,"[12, 27]",5647.211272727273
HARD-MEDIUM-SOFT,"[15, 27]",5647.211272727273
SOFT-HARD,[39],5647.222054545454
HARD-SOFT,[18],5647.222054545456
MEDIUM-SOFT-HARD,"[10, 40]",5647.229860606059
MEDIUM-HARD-SOFT,"[10, 27]",5647.22986060606
HARD-MEDIUM-SOFT,"[17, 27]",5647.229860606062
SOFT-MEDIUM-HARD,"[21, 36]",5647.269254545454
SOFT-HARD-MEDIUM,"[21, 42]",5647.269254545454
MEDIUM-HARD-SOFT,"[15, 36]",5647.269254545454
MEDIUM-SOFT-HARD,"[15, 36]",5647.269254545454
HARD-SOFT-MEDIUM,"[21, 42]",5647.269254545456
HARD-MEDIUM-SOFT,"[21, 36]",5647.269254545456
SOFT-HARD-MEDIUM,"[21, 43]",5647.3436060606045
SOFT-MEDIUM-HARD,"[21, 35]",5647.343606060605
MEDIUM-SOFT-HARD,"[14, 35]",5647.343606060605
MEDIUM-HARD-SOFT,"[14, 36]",5647.343606060605
HARD-SOFT-MEDIUM,"[22, 43]",5647.343606060607
HARD-MEDIUM-SOFT,"[22, 36]",5647.343606060607
SOFT-HARD,[27],5647.35169090909
HARD-SOFT,[30],5647.351690909092
MEDIUM-SOFT-HARD,"[11, 34]",5647.3546181818165
SOFT-MEDIUM-HARD,"[23, 34]",5647.3546181818165
MEDIUM-HARD-SOFT,"[11, 34]",5647.354618181818
HARD-MEDIUM-SOFT,"[23, 34]",5647.354618181818
SOFT-MEDIUM-HARD,"[22, 34]",5647.403927272726
MEDIUM-SOFT-HARD,"[12, 34]",5647.403927272727
MEDIUM-HARD-SOFT,"[12, 35]",5647.403927272728
HARD-MEDIUM-SOFT,"[23, 35]",5647.403927272728
MEDIUM-SOFT-HARD,"[14, 43]",5647.43318181818
MEDIUM-HARD-SOFT,"[14, 28]",5647.433181818182
HARD-SOFT-MEDIUM,"[14, 43]",5647.433181818182
HARD-MEDIUM-SOFT,"[14, 28]",5647.433181818184
MEDIUM-HARD-SOFT,"[15, 29]",5647.471109090909
HARD-MEDIUM-SOFT,"[14, 29]",5647.471109090909
MEDIUM-SOFT-HARD,"[15, 43]",5647.471109090909
HARD-SOFT-MEDIUM,"[14, 42]",5647.4711090909095
SOFT-MEDIUM-HARD,"[21, 37]",5647.510896969696
SOFT-HARD-MEDIUM,"[21, 41]",5647.510896969696
MEDIUM-HARD-SOFT,"[16, 36]",5647.510896969696
MEDIUM-SOFT-HARD,"[16, 37]",5647.510896969696
HARD-MEDIUM-SOFT,"[20, 36]",5647.510896969698
HARD-SOFT-MEDIUM,"[20, 41]",5647.5108969696985
MEDIUM-SOFT-HARD,"[17, 40]",5647.521909090909
SOFT-HARD-MEDIUM,"[23, 40]",5647.521909090909
MEDIUM-HARD-SOFT,"[17, 34]",5647.521909090909
SOFT-MEDIUM-HARD,"[23, 40]",5647.521909090909
HARD-MEDIUM-SOFT,"[17, 34]",5647.52190909091
HARD-SOFT-MEDIUM,"[17, 40]",5647.52190909091
SOFT-MEDIUM-HARD,"[24, 34]",5647.586024242422
MEDIUM-SOFT-HARD,"[10, 34]",5647.586024242422
SOFT-MEDIUM-HARD,"[24, 41]",5647.586024242423
SOFT-HARD-MEDIUM,"[24, 40]",5647.586024242423
MEDIUM-SOFT-HARD,"[17, 41]",5647.586024242423
HARD-MEDIUM-SOFT,"[16, 33]",5647.586024242424
MEDIUM-HARD-SOFT,"[17, 33]",5647.586024242424
MEDIUM-HARD-SOFT,"[10, 33]",5647.586024242424
HARD-MEDIUM-SOFT,"[23, 33]",5647.586024242424
HARD-SOFT-MEDIUM,"[16, 40]",5647.586024242425
MEDIUM-SOFT-HARD,"[13, 43]",5647.675969696968
HARD-SOFT-MEDIUM,"[14, 44]",5647.675969696969
MEDIUM-HARD-SOFT,"[13, 27]",5647.67596969697
HARD-MEDIUM-SOFT,"[14, 27]",5647.67596969697
SOFT-HARD-MEDIUM,"[22, 40]",5647.682745454545
HARD-MEDIUM-SOFT,"[18, 35]",5647.6827454545455
SOFT-MEDIUM-HARD,"[22, 39]",5647.6827454545455
MEDIUM-SOFT-HARD,"[17, 39]",5647.6827454545455
MEDIUM-HARD-SOFT,"[17, 35]",5647.6827454545455
HARD-SOFT-MEDIUM,"[18, 40]",5647.682745454547
SOFT-MEDIUM-HARD,"[21, 34]",5647.73395151515
MEDIUM-SOFT-HARD,"[13, 34]",5647.73395151515
SOFT-HARD-MEDIUM,"[21, 44]",5647.73395151515
MEDIUM-HARD-SOFT,"[13, 36]",5647.733951515151
HARD-MEDIUM-SOFT,"[23, 36]",5647.7339515151525
HARD-SOFT-MEDIUM,"[23, 44]",5647.733951515153
MEDIUM-HARD-SOFT,"[16, 30]",5647.789751515151
HARD-MEDIUM-SOFT,"[14, 30]",5647.789751515151
MEDIUM-SOFT-HARD,"[16, 43]",5647.789751515151
HARD-SOFT-MEDIUM,"[14, 41]",5647.789751515152
MEDIUM-HARD-SOFT,"[17, 32]",5647.875090909089
MEDIUM-SOFT-HARD,"[17, 42]",5647.8750909090895
HARD-MEDIUM-SOFT,"[15, 32]",5647.87509090909
HARD-SOFT-MEDIUM,"[15, 40]",5647.875090909091
MEDIUM-SOFT-HARD,"[11, 42]",5647.920654545453
MEDIUM-HARD-SOFT,"[11, 26]",5647.920654545453
HARD-MEDIUM-SOFT,"[15, 26]",5647.920654545454
MEDIUM-SOFT-HARD,"[10, 41]",5647.9578303030285
MEDIUM-HARD-SOFT,"[10, 26]",5647.95783030303
HARD-MEDIUM-SOFT,"[16, 26]",5647.95783030303
MEDIUM-SOFT-HARD,"[17, 38]",5648.068533333332
SOFT-MEDIUM-HARD,"[21, 38]",5648.068533333332
SOFT-HARD-MEDIUM,"[21, 40]",5648.068533333332
MEDIUM-HARD-SOFT,"[17, 36]",5648.068533333333
HARD-SOFT-MEDIUM,"[19, 40]",5648.068533333335
HARD-MEDIUM-SOFT,"[19, 36]",5648.068533333335
MEDIUM-HARD-SOFT,"[15, 37]",5648.140224242423
SOFT-HARD-MEDIUM,"[20, 42]",5648.140224242424
SOFT-MEDIUM-HARD,"[20, 35]",5648.140224242424
MEDIUM-SOFT-HARD,"[15, 35]",5648.140224242424
HARD-MEDIUM-SOFT,"[22, 37]",5648.140224242425
HARD-SOFT-MEDIUM,"[22, 42]",5648.140224242426
MEDIUM-SOFT-HARD,"[12, 43]",5648.199472727272
HARD-MEDIUM-SOFT,"[14, 26]",5648.199472727272
MEDIUM-HARD-SOFT,"[12, 26]",5648.199472727272
SOFT-HARD-MEDIUM,"[20, 41]",5648.25175151515
MEDIUM-SOFT-HARD,"[16, 36]",5648.25175151515
MEDIUM-HARD-SOFT,"[16, 37]",5648.25175151515
SOFT-MEDIUM-HARD,"[20, 36]",5648.25175151515
HARD-SOFT-MEDIUM,"[21, 41]",5648.251751515152
HARD-MEDIUM-SOFT,"[21, 37]",5648.251751515152
SOFT-MEDIUM-HARD,"[22, 33]",5648.296145454544
MEDIUM-SOFT-HARD,"[11, 33]",5648.296145454544
HARD-MEDIUM-SOFT,"[24, 35]",5648.296145454546
MEDIUM-HARD-SOFT,"[11, 35]",5648.296145454546
MEDIUM-HARD-SOFT,"[14, 37]",5648.344690909089
MEDIUM-SOFT-HARD,"[14, 34]",5648.344690909089
SOFT-MEDIUM-HARD,"[20, 34]",5648.34469090909
SOFT-HARD-MEDIUM,"[20, 43]",5648.34469090909
HARD-MEDIUM-SOFT,"[23, 37]",5648.344690909091
HARD-SOFT-MEDIUM,"[23, 43]",5648.344690909093
HARD-MEDIUM-SOFT,"[14, 31]",5648.389109090908
MEDIUM-HARD-SOFT,"[17, 31]",5648.389109090908
MEDIUM-SOFT-HARD,"[17, 43]",5648.389109090908
HARD-SOFT-MEDIUM,"[14, 40]",5648.38910909091
MEDIUM-HARD-SOFT,"[15, 28]",5648.399751515151
MEDIUM-SOFT-HARD,"[15, 44]",5648.399751515151
HARD-MEDIUM-SOFT,"[13, 28]",5648.399751515153
HARD-SOFT-MEDIUM,"[13, 42]",5648.399751515153
MEDIUM-SOFT-HARD,"[10, 33]",5648.432715151514
SOFT-MEDIUM-HARD,"[23, 33]",5648.432715151514
HARD-MEDIUM-SOFT,"[24, 34]",5648.432715151515
MEDIUM-HARD-SOFT,"[10, 34]",5648.432715151515
SOFT-MEDIUM-HARD,"[21, 33]",5648.4402909090895
MEDIUM-SOFT-HARD,"[12, 33]",5648.44029090909
MEDIUM-HARD-SOFT,"[12, 36]",5648.440290909091
HARD-MEDIUM-SOFT,"[24, 36]",5648.440290909091
MEDIUM-SOFT-HARD,"[14, 44]",5648.456660606059
MEDIUM-HARD-SOFT,"[14, 27]",5648.456660606061
HARD-SOFT-MEDIUM,"[13, 43]",5648.456660606062
HARD-MEDIUM-SOFT,"[13, 27]",5648.4566606060625
MEDIUM-SOFT-HARD,"[16, 44]",5648.623557575757
MEDIUM-HARD-SOFT,"[16, 29]",5648.623557575757
HARD-MEDIUM-SOFT,"[13, 29]",5648.623557575757
HARD-SOFT-MEDIUM,"[13, 41]",5648.623557575758
SOFT-HARD-MEDIUM,"[23, 39]",5648.6557696969685
SOFT-MEDIUM-HARD,"[23, 41]",5648.6557696969685
MEDIUM-SOFT-HARD,"[18, 41]",5648.6557696969685
MEDIUM-HARD-SOFT,"[18, 34]",5648.6557696969685
HARD-MEDIUM-SOFT,"[16, 34]",5648.65576969697
HARD-SOFT-MEDIUM,"[16, 39]",5648.65576969697
HARD-SOFT,[17],5648.673436363637
MEDIUM-HARD-SOFT,"[17, 37]",5648.679272727271
MEDIUM-SOFT-HARD,"[17, 37]",5648.679272727271
SOFT-MEDIUM-HARD,"[20, 37]",5648.679272727271
SOFT-HARD-MEDIUM,"[20, 40]",5648.679272727272
HARD-MEDIUM-SOFT,"[20, 37]",5648.679272727273
HARD-SOFT-MEDIUM,"[20, 40]",5648.679272727274
SOFT-MEDIUM-HARD,"[22, 40]",5648.68649090909
SOFT-HARD-MEDIUM,"[22, 39]",5648.68649090909
MEDIUM-SOFT-HARD,"[18, 40]",5648.68649090909
MEDIUM-HARD-SOFT,"[18, 35]",5648.686490909091
HARD-SOFT-MEDIUM,"[17, 39]",5648.686490909092
HARD-MEDIUM-SOFT,"[17, 35]",5648.686490909093
MEDIUM-SOFT-HARD,"[13, 44]",5648.794284848484
MEDIUM-HARD-SOFT,"[13, 26]",5648.794284848484
HARD-SOFT-MEDIUM,"[13, 44]",5648.794284848485
HARD-MEDIUM-SOFT,"[13, 26]",5648.794284848485
SOFT-HARD,[26],5648.824678787877
HARD-SOFT,[31],5648.824678787879
SOFT-MEDIUM-HARD,"[24, 42]",5648.8499999999985
MEDIUM-SOFT-HARD,"[18, 42]",5648.8499999999985
SOFT-HARD-MEDIUM,"[24, 39]",5648.8499999999985
MEDIUM-HARD-SOFT,"[18, 33]",5648.8499999999985
HARD-MEDIUM-SOFT,"[15, 33]",5648.85
HARD-SOFT-MEDIUM,"[15, 39]",5648.85
MEDIUM-SOFT-HARD,"[13, 33]",5648.86515151515
MEDIUM-HARD-SOFT,"[13, 37]",5648.8651515151505
SOFT-MEDIUM-HARD,"[20, 33]",5648.8651515151505
SOFT-HARD-MEDIUM,"[20, 44]",5648.8651515151505
HARD-MEDIUM-SOFT,"[24, 37]",5648.865151515152
HARD-SOFT-MEDIUM,"[24, 44]",5648.865151515153
MEDIUM-SOFT-HARD,"[10, 42]",5648.91075151515
MEDIUM-HARD-SOFT,"[10, 25]",5648.910751515152
HARD-MEDIUM-SOFT,"[15, 25]",5648.910751515152
SOFT-HARD-MEDIUM,"[21, 39]",5648.942163636362
MEDIUM-HARD-SOFT,"[18, 36]",5648.942163636362
MEDIUM-SOFT-HARD,"[18, 39]",5648.942163636363
SOFT-MEDIUM-HARD,"[21, 39]",5648.942163636363
HARD-MEDIUM-SOFT,"[18, 36]",5648.942163636364
HARD-SOFT-MEDIUM,"[18, 39]",5648.942163636365
MEDIUM-SOFT-HARD,"[11, 43]",5649.0036909090895
MEDIUM-HARD-SOFT,"[11, 25]",5649.00369090909
HARD-MEDIUM-SOFT,"[14, 25]",5649.00369090909
HARD-MEDIUM-SOFT,"[13, 30]",5649.128078787879
MEDIUM-HARD-SOFT,"[17, 30]",5649.128078787879
MEDIUM-SOFT-HARD,"[17, 44]",5649.128078787879
HARD-SOFT-MEDIUM,"[13, 40]",5649.1280787878795
MEDIUM-HARD-SOFT,"[16, 38]",5649.2175575757565
SOFT-HARD-MEDIUM,"[19, 41]",5649.2175575757565
MEDIUM-SOFT-HARD,"[16, 35]",5649.217557575757
SOFT-MEDIUM-HARD,"[19, 35]",5649.217557575757
HARD-MEDIUM-SOFT,"[22, 38]",5649.217557575758
HARD-SOFT-MEDIUM,"[22, 41]",5649.217557575759
SOFT-MEDIUM-HARD,"[19, 34]",5649.236145454544
MEDIUM-HARD-SOFT,"[15, 38]",5649.236145454544
MEDIUM-SOFT-HARD,"[15, 34]",5649.236145454544
SOFT-HARD-MEDIUM,"[19, 42]",5649.236145454545
HARD-MEDIUM-SOFT,"[23, 38]",5649.236145454546
HARD-SOFT-MEDIUM,"[23, 42]",5649.236145454547
MEDIUM-SOFT-HARD,"[18, 43]",5649.26918181818
HARD-MEDIUM-SOFT,"[14, 32]",5649.269181818181
MEDIUM-HARD-SOFT,"[18, 32]",5649.269181818181
HARD-SOFT-MEDIUM,"[14, 39]",5649.269181818182
MEDIUM-HARD-SOFT,"[12, 25]",5649.4126242424245
MEDIUM-SOFT-HARD,"[12, 44]",5649.4126242424245
HARD-MEDIUM-SOFT,"[13, 25]",5649.4126242424245
MEDIUM-SOFT-HARD,"[18, 38]",5649.422787878786
MEDIUM-HARD-SOFT,"[18, 37]",5649.422787878786
SOFT-MEDIUM-HARD,"[20, 38]",5649.422787878787
SOFT-HARD-MEDIUM,"[20, 39]",5649.422787878787
HARD-MEDIUM-SOFT,"[19, 37]",5649.422787878788
HARD-SOFT-MEDIUM,"[19, 39]",5649.422787878789
SOFT-MEDIUM-HARD,"[21, 32]",5649.462624242423
MEDIUM-SOFT-HARD,"[11, 32]",5649.462624242423
MEDIUM-HARD-SOFT,"[11, 36]",5649.462624242424
MEDIUM-SOFT-HARD,"[10, 32]",5649.504357575756
SOFT-MEDIUM-HARD,"[22, 32]",5649.504357575756
MEDIUM-HARD-SOFT,"[10, 35]",5649.504357575757
MEDIUM-HARD-SOFT,"[17, 38]",5649.514963636362
MEDIUM-SOFT-HARD,"[17, 36]",5649.514963636363
SOFT-MEDIUM-HARD,"[19, 36]",5649.514963636363
SOFT-HARD-MEDIUM,"[19, 40]",5649.514963636363
HARD-MEDIUM-SOFT,"[21, 38]",5649.514963636364
HARD-SOFT-MEDIUM,"[21, 40]",5649.514963636365
MEDIUM-HARD-SOFT,"[15, 27]",5649.553345454545
HARD-SOFT-MEDIUM,"[12, 42]",5649.553345454547
HARD-MEDIUM-SOFT,"[12, 27]",5649.553345454547
MEDIUM-SOFT-HARD,"[14, 33]",5649.570727272726
SOFT-MEDIUM-HARD,"[19, 33]",5649.570727272726
MEDIUM-HARD-SOFT,"[14, 38]",5649.570727272727
SOFT-HARD-MEDIUM,"[19, 43]",5649.570727272727
HARD-MEDIUM-SOFT,"[24, 38]",5649.570727272728
HARD-SOFT-MEDIUM,"[24, 43]",5649.570727272729
HARD-SOFT-MEDIUM,"[12, 41]",5649.6823151515155
MEDIUM-HARD-SOFT,"[16, 28]",5649.682315151516
HARD-MEDIUM-SOFT,"[12, 28]",5649.682315151516
SOFT-MEDIUM-HARD,"[20, 32]",5649.701606060605
MEDIUM-SOFT-HARD,"[12, 32]",5649.701606060606
MEDIUM-HARD-SOFT,"[12, 37]",5649.701606060606
MEDIUM-HARD-SOFT,"[14, 26]",5649.70509090909
HARD-MEDIUM-SOFT,"[12, 26]",5649.70509090909
HARD-SOFT-MEDIUM,"[12, 43]",5649.705090909091
MEDIUM-HARD-SOFT,"[18, 31]",5649.913315151513
MEDIUM-SOFT-HARD,"[18, 44]",5649.913315151514
HARD-MEDIUM-SOFT,"[13, 31]",5649.913315151515
HARD-SOFT-MEDIUM,"[13, 39]",5649.913315151516
MEDIUM-SOFT-HARD,"[19, 41]",5650.006230303029
SOFT-MEDIUM-HARD,"[22, 41]",5650.006230303029
SOFT-HARD-MEDIUM,"[22, 38]",5650.006230303029
MEDIUM-HARD-SOFT,"[19, 35]",5650.00623030303
HARD-SOFT-MEDIUM,"[16, 38]",5650.006230303031
HARD-MEDIUM-SOFT,"[16, 35]",5650.006230303032
MEDIUM-SOFT-HARD,"[10, 43]",5650.088624242423
MEDIUM-HARD-SOFT,"[10, 24]",5650.088624242426
HARD-MEDIUM-SOFT,"[14, 24]",5650.088624242426
HARD-MEDIUM-SOFT,"[12, 29]",5650.092
MEDIUM-HARD-SOFT,"[17, 29]",5650.092
HARD-SOFT-MEDIUM,"[12, 40]",5650.092000000001
SOFT-HARD-MEDIUM,"[23, 38]",5650.105624242423
MEDIUM-SOFT-HARD,"[19, 42]",5650.105624242423
MEDIUM-HARD-SOFT,"[19, 34]",5650.105624242424
SOFT-MEDIUM-HARD,"[23, 42]",5650.105624242424
HARD-SOFT-MEDIUM,"[15, 38]",5650.105624242425
HARD-MEDIUM-SOFT,"[15, 34]",5650.105624242426
MEDIUM-SOFT-HARD,"[18, 37]",5650.128363636362
MEDIUM-HARD-SOFT,"[18, 38]",5650.128363636362
SOFT-MEDIUM-HARD,"[19, 37]",5650.128363636362
SOFT-HARD-MEDIUM,"[19, 39]",5650.128363636362
HARD-MEDIUM-SOFT,"[20, 38]",5650.128363636364
HARD-SOFT-MEDIUM,"[20, 39]",5650.128363636365
MEDIUM-HARD-SOFT,"[19, 36]",5650.131787878787
SOFT-HARD-MEDIUM,"[21, 38]",5650.131787878787
MEDIUM-SOFT-HARD,"[19, 40]",5650.131787878787
SOFT-MEDIUM-HARD,"[21, 40]",5650.131787878787
HARD-SOFT-MEDIUM,"[17, 38]",5650.131787878789
HARD-MEDIUM-SOFT,"[17, 36]",5650.131787878789
MEDIUM-HARD-SOFT,"[13, 25]",5650.13755151515
HARD-SOFT-MEDIUM,"[12, 44]",5650.137551515152
HARD-MEDIUM-SOFT,"[12, 25]",5650.137551515152
MEDIUM-HARD-SOFT,"[13, 38]",5650.221303030302
MEDIUM-SOFT-HARD,"[13, 32]",5650.221303030302
SOFT-MEDIUM-HARD,"[19, 32]",5650.221303030302
SOFT-HARD-MEDIUM,"[19, 44]",5650.221303030303
MEDIUM-SOFT-HARD,"[11, 44]",5650.311678787878
MEDIUM-HARD-SOFT,"[11, 24]",5650.311678787879
HARD-MEDIUM-SOFT,"[13, 24]",5650.311678787881
HARD-SOFT,[16],5650.34976969697
MEDIUM-SOFT-HARD,"[16, 34]",5650.408315151513
SOFT-MEDIUM-HARD,"[18, 34]",5650.408315151513
SOFT-HARD-MEDIUM,"[18, 41]",5650.408315151514
MEDIUM-HARD-SOFT,"[16, 39]",5650.408315151515
HARD-MEDIUM-SOFT,"[23, 39]",5650.408315151516
HARD-SOFT-MEDIUM,"[23, 41]",5650.408315151516
SOFT-MEDIUM-HARD,"[24, 43]",5650.429969696968
MEDIUM-HARD-SOFT,"[19, 33]",5650.429969696968
MEDIUM-SOFT-HARD,"[19, 43]",5650.429969696968
SOFT-HARD-MEDIUM,"[24, 38]",5650.429969696968
HARD-MEDIUM-SOFT,"[14, 33]",5650.42996969697
HARD-SOFT-MEDIUM,"[14, 38]",5650.42996969697
MEDIUM-HARD-SOFT,"[19, 37]",5650.482296969694
HARD-MEDIUM-SOFT,"[18, 37]",5650.482296969696
MEDIUM-SOFT-HARD,"[19, 39]",5650.482296969696
SOFT-HARD-MEDIUM,"[20, 38]",5650.482296969696
SOFT-MEDIUM-HARD,"[20, 39]",5650.482296969697
HARD-SOFT-MEDIUM,"[18, 38]",5650.482296969698
SOFT-HARD,[25],5650.522618181817
HARD-SOFT,[32],5650.522618181818
SOFT-MEDIUM-HARD,"[18, 33]",5650.557018181817
MEDIUM-SOFT-HARD,"[15, 33]",5650.557018181817
SOFT-HARD-MEDIUM,"[18, 42]",5650.5570181818175
MEDIUM-HARD-SOFT,"[15, 39]",5650.5570181818175
HARD-MEDIUM-SOFT,"[24, 39]",5650.557018181819
HARD-SOFT-MEDIUM,"[24, 42]",5650.55701818182
MEDIUM-HARD-SOFT,"[17, 39]",5650.575606060605
SOFT-HARD-MEDIUM,"[18, 40]",5650.575606060605
MEDIUM-SOFT-HARD,"[17, 35]",5650.575606060605
SOFT-MEDIUM-HARD,"[18, 35]",5650.575606060605
HARD-MEDIUM-SOFT,"[22, 39]",5650.575606060607
HARD-SOFT-MEDIUM,"[22, 40]",5650.575606060607
MEDIUM-HARD-SOFT,"[18, 30]",5650.7824
HARD-SOFT-MEDIUM,"[12, 39]",5650.7824
HARD-MEDIUM-SOFT,"[12, 30]",5650.7824
SOFT-MEDIUM-HARD,"[21, 31]",5650.800951515151
MEDIUM-SOFT-HARD,"[10, 31]",5650.800951515151
MEDIUM-HARD-SOFT,"[10, 36]",5650.800951515152
HARD-MEDIUM-SOFT,"[12, 24]",5650.850727272727
MEDIUM-HARD-SOFT,"[12, 24]",5650.850727272727
MEDIUM-HARD-SOFT,"[11, 37]",5650.8540545454525
SOFT-MEDIUM-HARD,"[20, 31]",5650.854054545454
MEDIUM-SOFT-HARD,"[11, 31]",5650.854054545454
MEDIUM-HARD-SOFT,"[15, 26]",5650.931890909089
HARD-MEDIUM-SOFT,"[11, 26]",5650.931890909091
HARD-SOFT-MEDIUM,"[11, 42]",5650.931890909092
HARD-MEDIUM-SOFT,"[11, 27]",5650.966024242424
MEDIUM-HARD-SOFT,"[16, 27]",5650.966024242424
HARD-SOFT-MEDIUM,"[11, 41]",5650.966024242425
MEDIUM-HARD-SOFT,"[19, 32]",5650.979266666665
MEDIUM-SOFT-HARD,"[19, 44]",5650.979266666665
HARD-MEDIUM-SOFT,"[13, 32]",5650.979266666667
HARD-SOFT-MEDIUM,"[13, 38]",5650.979266666667
MEDIUM-SOFT-HARD,"[14, 32]",5651.0217151515135
SOFT-HARD-MEDIUM,"[18, 43]",5651.021715151514
SOFT-MEDIUM-HARD,"[18, 32]",5651.021715151514
MEDIUM-HARD-SOFT,"[14, 39]",5651.021715151515
MEDIUM-SOFT-HARD,"[19, 38]",5651.057757575756
SOFT-HARD-MEDIUM,"[19, 38]",5651.057757575756
SOFT-MEDIUM-HARD,"[19, 38]",5651.057757575756
MEDIUM-HARD-SOFT,"[19, 38]",5651.057757575756
HARD-MEDIUM-SOFT,"[19, 38]",5651.057757575758
HARD-SOFT-MEDIUM,"[19, 38]",5651.057757575759
MEDIUM-SOFT-HARD,"[18, 36]",5651.058890909089
MEDIUM-HARD-SOFT,"[18, 39]",5651.05889090909
SOFT-HARD-MEDIUM,"[18, 39]",5651.05889090909
SOFT-MEDIUM-HARD,"[18, 36]",5651.05889090909
HARD-SOFT-MEDIUM,"[21, 39]",5651.058890909091
HARD-MEDIUM-SOFT,"[21, 39]",5651.058890909092
MEDIUM-HARD-SOFT,"[14, 25]",5651.178472727272
HARD-SOFT-MEDIUM,"[11, 43]",5651.178472727273
HARD-MEDIUM-SOFT,"[11, 25]",5651.178472727273
SOFT-MEDIUM-HARD,"[19, 31]",5651.187872727272
MEDIUM-HARD-SOFT,"[12, 38]",5651.187872727272
MEDIUM-SOFT-HARD,"[12, 31]",5651.187872727273
MEDIUM-HARD-SOFT,"[17, 28]",5651.280872727273
HARD-SOFT-MEDIUM,"[11, 40]",5651.280872727273
HARD-MEDIUM-SOFT,"[11, 28]",5651.280872727273
MEDIUM-SOFT-HARD,"[10, 44]",5651.491448484848
MEDIUM-HARD-SOFT,"[10, 23]",5651.491448484849
HARD-MEDIUM-SOFT,"[13, 23]",5651.4914484848505
SOFT-HARD-MEDIUM,"[21, 37]",5651.637406060605
MEDIUM-SOFT-HARD,"[20, 41]",5651.637406060605
SOFT-MEDIUM-HARD,"[21, 41]",5651.637406060605
MEDIUM-HARD-SOFT,"[20, 36]",5651.637406060605
HARD-SOFT-MEDIUM,"[16, 37]",5651.637406060607
HARD-MEDIUM-SOFT,"[16, 36]",5651.637406060607
SOFT-HARD-MEDIUM,"[22, 37]",5651.641963636363
MEDIUM-SOFT-HARD,"[20, 42]",5651.641963636363
MEDIUM-HARD-SOFT,"[20, 35]",5651.641963636363
SOFT-MEDIUM-HARD,"[22, 42]",5651.641963636363
HARD-MEDIUM-SOFT,"[15, 35]",5651.641963636364
HARD-SOFT-MEDIUM,"[15, 37]",5651.641963636364
MEDIUM-HARD-SOFT,"[13, 24]",5651.70576969697
HARD-SOFT-MEDIUM,"[11, 44]",5651.7057696969705
HARD-MEDIUM-SOFT,"[11, 24]",5651.705769696971
MEDIUM-HARD-SOFT,"[19, 31]",5651.753515151514
HARD-SOFT-MEDIUM,"[12, 38]",5651.753515151516
HARD-MEDIUM-SOFT,"[12, 31]",5651.753515151516
MEDIUM-SOFT-HARD,"[13, 31]",5651.802406060605
SOFT-HARD-MEDIUM,"[18, 44]",5651.802406060605
MEDIUM-HARD-SOFT,"[13, 39]",5651.802406060606
SOFT-MEDIUM-HARD,"[18, 31]",5651.802406060606
SOFT-MEDIUM-HARD,"[17, 33]",5651.824024242423
MEDIUM-SOFT-HARD,"[16, 33]",5651.824024242423
SOFT-HARD-MEDIUM,"[17, 41]",5651.824024242424
MEDIUM-HARD-SOFT,"[16, 40]",5651.8240242424245
HARD-SOFT-MEDIUM,"[24, 41]",5651.824024242425
HARD-MEDIUM-SOFT,"[24, 40]",5651.824024242425
MEDIUM-HARD-SOFT,"[11, 23]",5651.844618181818
HARD-MEDIUM-SOFT,"[12, 23]",5651.84461818182
MEDIUM-HARD-SOFT,"[20, 37]",5651.857799999998
SOFT-HARD-MEDIUM,"[20, 37]",5651.857799999999
MEDIUM-SOFT-HARD,"[20, 40]",5651.857799999999
SOFT-MEDIUM-HARD,"[20, 40]",5651.857799999999
HARD-MEDIUM-SOFT,"[17, 37]",5651.8578
HARD-SOFT-MEDIUM,"[17, 37]",5651.857800000001
MEDIUM-SOFT-HARD,"[19, 37]",5651.858169696968
MEDIUM-HARD-SOFT,"[19, 39]",5651.858169696969
SOFT-MEDIUM-HARD,"[18, 37]",5651.858169696969
SOFT-HARD-MEDIUM,"[18, 38]",5651.858169696969
HARD-SOFT-MEDIUM,"[20, 38]",5651.85816969697
HARD-MEDIUM-SOFT,"[20, 39]",5651.858169696971
MEDIUM-SOFT-HARD,"[17, 34]",5651.8611999999985
SOFT-MEDIUM-HARD,"[17, 34]",5651.8611999999985
SOFT-HARD-MEDIUM,"[17, 40]",5651.861199999999
MEDIUM-HARD-SOFT,"[17, 40]",5651.861199999999
HARD-MEDIUM-SOFT,"[23, 40]",5651.861200000001
HARD-SOFT-MEDIUM,"[23, 40]",5651.861200000001
MEDIUM-SOFT-HARD,"[20, 43]",5651.871472727272
SOFT-HARD-MEDIUM,"[23, 37]",5651.871472727272
HARD-MEDIUM-SOFT,"[14, 34]",5651.871472727273
SOFT-MEDIUM-HARD,"[23, 43]",5651.871472727273
MEDIUM-HARD-SOFT,"[20, 34]",5651.871472727273
HARD-SOFT-MEDIUM,"[14, 37]",5651.871472727274
MEDIUM-HARD-SOFT,"[18, 29]",5651.876436363636
HARD-SOFT-MEDIUM,"[11, 39]",5651.8764363636365
HARD-MEDIUM-SOFT,"[11, 29]",5651.876436363637
SOFT-MEDIUM-HARD,"[17, 32]",5652.102842424241
MEDIUM-SOFT-HARD,"[15, 32]",5652.102842424241
SOFT-HARD-MEDIUM,"[17, 42]",5652.102842424242
MEDIUM-HARD-SOFT,"[15, 40]",5652.102842424242
SOFT-HARD-MEDIUM,"[17, 39]",5652.214369696969
MEDIUM-SOFT-HARD,"[18, 35]",5652.214369696969
MEDIUM-HARD-SOFT,"[18, 40]",5652.21436969697
SOFT-MEDIUM-HARD,"[17, 35]",5652.21436969697
HARD-SOFT-MEDIUM,"[22, 39]",5652.214369696971
HARD-MEDIUM-SOFT,"[22, 40]",5652.2143696969715
HARD-SOFT,[15],5652.251054545454
SOFT-HARD-MEDIUM,"[19, 37]",5652.303145454544
MEDIUM-HARD-SOFT,"[20, 38]",5652.303145454544
MEDIUM-SOFT-HARD,"[20, 39]",5652.303145454545
SOFT-MEDIUM-HARD,"[19, 39]",5652.303145454545
HARD-MEDIUM-SOFT,"[18, 38]",5652.303145454545
HARD-SOFT-MEDIUM,"[18, 37]",5652.303145454547
MEDIUM-SOFT-HARD,"[10, 30]",5652.322496969696
SOFT-MEDIUM-HARD,"[20, 30]",5652.322496969696
MEDIUM-HARD-SOFT,"[10, 37]",5652.322496969697
MEDIUM-HARD-SOFT,"[20, 33]",5652.325933333332
MEDIUM-SOFT-HARD,"[20, 44]",5652.325933333333
SOFT-HARD-MEDIUM,"[24, 37]",5652.325933333333
SOFT-MEDIUM-HARD,"[24, 44]",5652.325933333333
HARD-MEDIUM-SOFT,"[13, 33]",5652.3259333333335
HARD-SOFT-MEDIUM,"[13, 37]",5652.325933333334
SOFT-HARD,[24],5652.445509090908
HARD-SOFT,[33],5652.4455090909105
SOFT-MEDIUM-HARD,"[19, 30]",5652.470436363635
MEDIUM-SOFT-HARD,"[11, 30]",5652.470436363635
MEDIUM-HARD-SOFT,"[11, 38]",5652.470436363636
HARD-MEDIUM-SOFT,"[10, 26]",5652.474684848485
MEDIUM-HARD-SOFT,"[16, 26]",5652.474684848485
HARD-SOFT-MEDIUM,"[10, 41]",5652.474684848486
HARD-MEDIUM-SOFT,"[11, 23]",5652.513781818183
MEDIUM-HARD-SOFT,"[12, 23]",5652.513781818183
MEDIUM-HARD-SOFT,"[15, 25]",5652.535387878786
HARD-MEDIUM-SOFT,"[10, 25]",5652.535387878788
HARD-SOFT-MEDIUM,"[10, 42]",5652.535387878789
HARD-MEDIUM-SOFT,"[10, 27]",5652.694696969697
MEDIUM-HARD-SOFT,"[17, 27]",5652.694696969697
HARD-SOFT-MEDIUM,"[10, 40]",5652.694696969698
MEDIUM-SOFT-HARD,"[14, 31]",5652.697654545454
SOFT-HARD-MEDIUM,"[17, 43]",5652.697654545454
MEDIUM-HARD-SOFT,"[14, 40]",5652.6976545454545
SOFT-MEDIUM-HARD,"[17, 31]",5652.6976545454545
MEDIUM-HARD-SOFT,"[19, 30]",5652.752715151513
HARD-SOFT-MEDIUM,"[11, 38]",5652.752715151515
HARD-MEDIUM-SOFT,"[11, 30]",5652.752715151515
HARD-SOFT-MEDIUM,"[10, 43]",5652.876806060607
HARD-MEDIUM-SOFT,"[10, 24]",5652.876806060607
MEDIUM-HARD-SOFT,"[14, 24]",5652.876806060607
MEDIUM-SOFT-HARD,"[19, 36]",5652.883533333332
SOFT-HARD-MEDIUM,"[17, 38]",5652.883533333332
SOFT-MEDIUM-HARD,"[17, 36]",5652.883533333333
MEDIUM-HARD-SOFT,"[19, 40]",5652.883533333333
HARD-SOFT-MEDIUM,"[21, 38]",5652.883533333334
HARD-MEDIUM-SOFT,"[21, 40]",5652.8835333333345
SOFT-MEDIUM-HARD,"[18, 30]",5652.899090909089
MEDIUM-SOFT-HARD,"[12, 30]",5652.89909090909
MEDIUM-HARD-SOFT,"[12, 39]",5652.899090909091
MEDIUM-SOFT-HARD,"[20, 38]",5652.973442424241
SOFT-MEDIUM-HARD,"[18, 38]",5652.973442424241
MEDIUM-HARD-SOFT,"[20, 39]",5652.9734424242415
SOFT-HARD-MEDIUM,"[18, 37]",5652.9734424242415
HARD-SOFT-MEDIUM,"[19, 37]",5652.973442424243
HARD-MEDIUM-SOFT,"[19, 39]",5652.973442424243
MEDIUM-HARD-SOFT,"[20, 32]",5653.005345454543
HARD-MEDIUM-SOFT,"[12, 32]",5653.005345454545
HARD-SOFT-MEDIUM,"[12, 37]",5653.005345454546
HARD-MEDIUM-SOFT,"[12, 22]",5653.119224242426
MEDIUM-HARD-SOFT,"[10, 22]",5653.119224242426
HARD-SOFT-MEDIUM,"[10, 39]",5653.195424242424
MEDIUM-HARD-SOFT,"[18, 28]",5653.195424242425
HARD-MEDIUM-SOFT,"[10, 28]",5653.195424242425
MEDIUM-SOFT-HARD,"[17, 33]",5653.371745454544
SOFT-MEDIUM-HARD,"[16, 33]",5653.371745454544
SOFT-HARD-MEDIUM,"[16, 40]",5653.371745454545
MEDIUM-HARD-SOFT,"[17, 41]",5653.371745454545
HARD-SOFT-MEDIUM,"[24, 40]",5653.371745454547
HARD-MEDIUM-SOFT,"[24, 41]",5653.371745454547
MEDIUM-HARD-SOFT,"[21, 36]",5653.459018181817
SOFT-HARD-MEDIUM,"[21, 36]",5653.459018181817
SOFT-MEDIUM-HARD,"[21, 42]",5653.459018181817
MEDIUM-SOFT-HARD,"[21, 42]",5653.459018181817
HARD-SOFT-MEDIUM,"[15, 36]",5653.459018181818
HARD-MEDIUM-SOFT,"[15, 36]",5653.4590181818185
SOFT-MEDIUM-HARD,"[16, 32]",5653.464684848484
MEDIUM-SOFT-HARD,"[16, 32]",5653.464684848484
MEDIUM-HARD-SOFT,"[16, 41]",5653.4646848484845
SOFT-HARD-MEDIUM,"[16, 41]",5653.4646848484845
MEDIUM-HARD-SOFT,"[13, 23]",5653.4989393939395
HARD-MEDIUM-SOFT,"[10, 23]",5653.4989393939395
HARD-SOFT-MEDIUM,"[10, 44]",5653.49893939394
MEDIUM-SOFT-HARD,"[21, 41]",5653.549296969695
SOFT-HARD-MEDIUM,"[20, 36]",5653.549296969695
MEDIUM-HARD-SOFT,"[21, 37]",5653.549296969695
SOFT-MEDIUM-HARD,"[20, 41]",5653.549296969696
HARD-SOFT-MEDIUM,"[16, 36]",5653.549296969697
HARD-MEDIUM-SOFT,"[16, 37]",5653.549296969697
MEDIUM-SOFT-HARD,"[21, 43]",5653.59369090909
SOFT-MEDIUM-HARD,"[22, 43]",5653.59369090909
SOFT-HARD-MEDIUM,"[22, 36]",5653.59369090909
HARD-MEDIUM-SOFT,"[14, 35]",5653.593690909091
MEDIUM-HARD-SOFT,"[21, 35]",5653.593690909091
HARD-SOFT-MEDIUM,"[14, 36]",5653.593690909091
MEDIUM-SOFT-HARD,"[18, 34]",5653.594799999998
SOFT-MEDIUM-HARD,"[16, 34]",5653.594799999999
SOFT-HARD-MEDIUM,"[16, 39]",5653.594799999999
MEDIUM-HARD-SOFT,"[18, 41]",5653.5948
HARD-SOFT-MEDIUM,"[23, 39]",5653.594800000001
HARD-MEDIUM-SOFT,"[23, 41]",5653.594800000002
HARD-MEDIUM-SOFT,"[11, 22]",5653.60250909091
MEDIUM-HARD-SOFT,"[11, 22]",5653.60250909091
MEDIUM-SOFT-HARD,"[13, 30]",5653.6084606060585
SOFT-HARD-MEDIUM,"[17, 44]",5653.608460606059
SOFT-MEDIUM-HARD,"[17, 30]",5653.608460606059
MEDIUM-HARD-SOFT,"[13, 40]",5653.60846060606
SOFT-HARD-MEDIUM,"[19, 36]",5653.864527272725
MEDIUM-SOFT-HARD,"[21, 40]",5653.864527272726
SOFT-MEDIUM-HARD,"[19, 40]",5653.864527272726
MEDIUM-HARD-SOFT,"[21, 38]",5653.864527272726
HARD-SOFT-MEDIUM,"[17, 36]",5653.864527272727
HARD-MEDIUM-SOFT,"[17, 38]",5653.864527272728
MEDIUM-SOFT-HARD,"[20, 37]",5653.868690909089
SOFT-MEDIUM-HARD,"[17, 37]",5653.868690909089
MEDIUM-HARD-SOFT,"[20, 40]",5653.86869090909
SOFT-HARD-MEDIUM,"[17, 37]",5653.86869090909
HARD-SOFT-MEDIUM,"[20, 37]",5653.868690909092
HARD-MEDIUM-SOFT,"[20, 40]",5653.868690909092
SOFT-MEDIUM-HARD,"[16, 31]",5653.873618181818
SOFT-HARD-MEDIUM,"[16, 42]",5653.873618181818
MEDIUM-SOFT-HARD,"[15, 31]",5653.873618181818
MEDIUM-HARD-SOFT,"[15, 41]",5653.873618181818
HARD-MEDIUM-SOFT,"[11, 31]",5653.909709090908
MEDIUM-HARD-SOFT,"[20, 31]",5653.909709090908
HARD-SOFT-MEDIUM,"[11, 37]",5653.90970909091
SOFT-HARD-MEDIUM,"[23, 36]",5653.953315151513
MEDIUM-SOFT-HARD,"[21, 44]",5653.953315151514
HARD-SOFT-MEDIUM,"[13, 36]",5653.953315151515
SOFT-MEDIUM-HARD,"[23, 44]",5653.953315151515
HARD-MEDIUM-SOFT,"[13, 34]",5653.953315151515
MEDIUM-HARD-SOFT,"[21, 34]",5653.953315151515
MEDIUM-HARD-SOFT,"[19, 29]",5653.976866666665
HARD-SOFT-MEDIUM,"[10, 38]",5653.976866666667
HARD-MEDIUM-SOFT,"[10, 29]",5653.976866666667
SOFT-MEDIUM-HARD,"[19, 29]",5654.068993939392
MEDIUM-SOFT-HARD,"[10, 29]",5654.068993939392
MEDIUM-HARD-SOFT,"[10, 38]",5654.068993939393
SOFT-HARD-MEDIUM,"[16, 38]",5654.1338484848475
MEDIUM-SOFT-HARD,"[19, 35]",5654.1338484848475
MEDIUM-HARD-SOFT,"[19, 41]",5654.1338484848475
SOFT-MEDIUM-HARD,"[16, 35]",5654.133848484848
HARD-SOFT-MEDIUM,"[22, 38]",5654.133848484849
HARD-MEDIUM-SOFT,"[22, 41]",5654.13384848485
MEDIUM-SOFT-HARD,"[11, 29]",5654.311769696968
SOFT-MEDIUM-HARD,"[18, 29]",5654.311769696968
MEDIUM-HARD-SOFT,"[11, 39]",5654.311769696969
HARD-SOFT,[14],5654.37729090909
HARD-MEDIUM-SOFT,"[10, 22]",5654.401787878789
MEDIUM-HARD-SOFT,"[12, 22]",5654.401787878789
MEDIUM-SOFT-HARD,"[21, 39]",5654.404709090908
SOFT-HARD-MEDIUM,"[18, 36]",5654.404709090908
MEDIUM-HARD-SOFT,"[21, 39]",5654.404709090909
SOFT-MEDIUM-HARD,"[18, 39]",5654.404709090909
HARD-MEDIUM-SOFT,"[18, 39]",5654.40470909091
HARD-SOFT-MEDIUM,"[18, 36]",5654.40470909091
SOFT-HARD-MEDIUM,"[24, 36]",5654.53789090909
HARD-MEDIUM-SOFT,"[12, 33]",5654.5378909090905
MEDIUM-HARD-SOFT,"[21, 33]",5654.5378909090905
HARD-SOFT-MEDIUM,"[12, 36]",5654.5378909090905
SOFT-HARD,[23],5654.593351515151
HARD-SOFT,[34],5654.593351515152
MEDIUM-SOFT-HARD,"[14, 30]",5654.5985454545435
SOFT-MEDIUM-HARD,"[16, 30]",5654.598545454544
SOFT-HARD-MEDIUM,"[16, 43]",5654.598545454544
MEDIUM-HARD-SOFT,"[14, 41]",5654.598545454545
SOFT-MEDIUM-HARD,"[17, 29]",5654.835260606059
MEDIUM-SOFT-HARD,"[12, 29]",5654.83526060606
MEDIUM-HARD-SOFT,"[12, 40]",5654.835260606061
MEDIUM-HARD-SOFT,"[10, 21]",5654.971951515152
HARD-MEDIUM-SOFT,"[11, 21]",5654.971951515152
SOFT-MEDIUM-HARD,"[16, 36]",5654.98889090909
MEDIUM-SOFT-HARD,"[20, 36]",5654.98889090909
MEDIUM-HARD-SOFT,"[20, 41]",5654.9888909090905
SOFT-HARD-MEDIUM,"[16, 37]",5654.9888909090905
HARD-SOFT-MEDIUM,"[21, 37]",5654.988890909091
HARD-MEDIUM-SOFT,"[21, 41]",5654.988890909092
HARD-MEDIUM-SOFT,"[10, 30]",5655.039024242424
MEDIUM-HARD-SOFT,"[20, 30]",5655.039024242424
HARD-SOFT-MEDIUM,"[10, 37]",5655.039024242425
SOFT-MEDIUM-HARD,"[15, 32]",5655.107242424241
MEDIUM-SOFT-HARD,"[17, 32]",5655.107242424241
SOFT-HARD-MEDIUM,"[15, 40]",5655.107242424242
MEDIUM-HARD-SOFT,"[17, 42]",5655.107242424242
MEDIUM-SOFT-HARD,"[21, 38]",5655.16984242424
SOFT-HARD-MEDIUM,"[17, 36]",5655.16984242424
SOFT-MEDIUM-HARD,"[17, 38]",5655.169842424241
MEDIUM-HARD-SOFT,"[21, 40]",5655.169842424242
HARD-SOFT-MEDIUM,"[19, 36]",5655.169842424243
HARD-MEDIUM-SOFT,"[19, 40]",5655.169842424244
MEDIUM-SOFT-HARD,"[18, 33]",5655.20018181818
MEDIUM-HARD-SOFT,"[18, 42]",5655.200181818181
SOFT-MEDIUM-HARD,"[15, 33]",5655.200181818181
SOFT-HARD-MEDIUM,"[15, 39]",5655.200181818181
HARD-SOFT-MEDIUM,"[24, 39]",5655.2001818181825
HARD-MEDIUM-SOFT,"[24, 42]",5655.2001818181825
MEDIUM-SOFT-HARD,"[16, 31]",5655.330296969696
SOFT-HARD-MEDIUM,"[15, 41]",5655.330296969696
MEDIUM-HARD-SOFT,"[16, 42]",5655.330296969696
SOFT-MEDIUM-HARD,"[15, 31]",5655.330296969696
MEDIUM-HARD-SOFT,"[21, 32]",5655.3474181818165
HARD-SOFT-MEDIUM,"[11, 36]",5655.347418181818
HARD-MEDIUM-SOFT,"[11, 32]",5655.347418181818
MEDIUM-SOFT-HARD,"[22, 42]",5655.556787878786
MEDIUM-HARD-SOFT,"[22, 37]",5655.556787878786
SOFT-HARD-MEDIUM,"[20, 35]",5655.556787878787
SOFT-MEDIUM-HARD,"[20, 42]",5655.556787878787
HARD-SOFT-MEDIUM,"[15, 35]",5655.556787878788
HARD-MEDIUM-SOFT,"[15, 37]",5655.556787878788
MEDIUM-HARD-SOFT,"[11, 21]",5655.585351515151
HARD-MEDIUM-SOFT,"[10, 21]",5655.585351515151
MEDIUM-SOFT-HARD,"[22, 43]",5655.596624242423
SOFT-HARD-MEDIUM,"[21, 35]",5655.596624242423
SOFT-MEDIUM-HARD,"[21, 43]",5655.596624242423
HARD-MEDIUM-SOFT,"[14, 36]",5655.596624242424
MEDIUM-HARD-SOFT,"[22, 36]",5655.596624242424
HARD-SOFT-MEDIUM,"[14, 35]",5655.596624242425
MEDIUM-SOFT-HARD,"[19, 34]",5655.609115151513
SOFT-MEDIUM-HARD,"[15, 34]",5655.609115151514
SOFT-HARD-MEDIUM,"[15, 38]",5655.609115151514
MEDIUM-HARD-SOFT,"[19, 42]",5655.609115151514
HARD-SOFT-MEDIUM,"[23, 38]",5655.609115151516
HARD-MEDIUM-SOFT,"[23, 42]",5655.609115151517
MEDIUM-SOFT-HARD,"[13, 29]",5655.639466666665
SOFT-MEDIUM-HARD,"[16, 29]",5655.639466666666
SOFT-HARD-MEDIUM,"[16, 44]",5655.639466666666
MEDIUM-HARD-SOFT,"[13, 41]",5655.6394666666665
SOFT-MEDIUM-HARD,"[19, 41]",5655.741903030302
SOFT-HARD-MEDIUM,"[19, 35]",5655.741903030302
MEDIUM-SOFT-HARD,"[22, 41]",5655.741903030302
MEDIUM-HARD-SOFT,"[22, 38]",5655.741903030302
HARD-MEDIUM-SOFT,"[16, 38]",5655.741903030304
HARD-SOFT-MEDIUM,"[16, 35]",5655.741903030304
SOFT-MEDIUM-HARD,"[22, 44]",5655.861412121211
MEDIUM-SOFT-HARD,"[22, 44]",5655.861412121211
SOFT-HARD-MEDIUM,"[22, 35]",5655.861412121211
MEDIUM-HARD-SOFT,"[22, 35]",5655.861412121212
HARD-MEDIUM-SOFT,"[13, 35]",5655.861412121212
HARD-SOFT-MEDIUM,"[13, 35]",5655.861412121213
MEDIUM-SOFT-HARD,"[15, 30]",5655.869345454544
SOFT-MEDIUM-HARD,"[15, 30]",5655.869345454544
MEDIUM-HARD-SOFT,"[15, 42]",5655.869345454545
SOFT-HARD-MEDIUM,"[15, 42]",5655.8693454545455
MEDIUM-SOFT-HARD,"[10, 28]",5656.0404424242415
SOFT-MEDIUM-HARD,"[18, 28]",5656.0404424242415
MEDIUM-HARD-SOFT,"[10, 39]",5656.040442424242
MEDIUM-SOFT-HARD,"[22, 40]",5656.151969696968
SOFT-MEDIUM-HARD,"[18, 40]",5656.151969696969
MEDIUM-HARD-SOFT,"[22, 39]",5656.151969696969
SOFT-HARD-MEDIUM,"[18, 35]",5656.151969696969
HARD-SOFT-MEDIUM,"[17, 35]",5656.15196969697
HARD-MEDIUM-SOFT,"[17, 39]",5656.151969696971
MEDIUM-SOFT-HARD,"[21, 37]",5656.159927272725
SOFT-MEDIUM-HARD,"[16, 37]",5656.159927272726
SOFT-HARD-MEDIUM,"[16, 36]",5656.159927272726
MEDIUM-HARD-SOFT,"[21, 41]",5656.159927272727
HARD-SOFT-MEDIUM,"[20, 36]",5656.159927272728
HARD-MEDIUM-SOFT,"[20, 41]",5656.159927272729
MEDIUM-SOFT-HARD,"[20, 35]",5656.3340424242415
SOFT-MEDIUM-HARD,"[15, 35]",5656.3340424242415
SOFT-HARD-MEDIUM,"[15, 37]",5656.3340424242415
MEDIUM-HARD-SOFT,"[20, 42]",5656.3340424242415
HARD-SOFT-MEDIUM,"[22, 37]",5656.334042424243
HARD-MEDIUM-SOFT,"[22, 42]",5656.334042424243
SOFT-HARD-MEDIUM,"[23, 35]",5656.35115151515
HARD-MEDIUM-SOFT,"[12, 34]",5656.351151515151
MEDIUM-HARD-SOFT,"[22, 34]",5656.351151515151
HARD-SOFT-MEDIUM,"[12, 35]",5656.351151515152
MEDIUM-SOFT-HARD,"[11, 28]",5656.378054545454
SOFT-MEDIUM-HARD,"[17, 28]",5656.378054545454
MEDIUM-HARD-SOFT,"[11, 40]",5656.378054545455
HARD-MEDIUM-SOFT,"[10, 31]",5656.381896969696
MEDIUM-HARD-SOFT,"[21, 31]",5656.381896969696
HARD-SOFT-MEDIUM,"[10, 36]",5656.381896969697
SOFT-MEDIUM,[38],5656.590715151515
MEDIUM-SOFT,[19],5656.590715151515
MEDIUM-SOFT,[20],5656.704509090909
SOFT-MEDIUM,[37],5656.70450909091
MEDIUM-SOFT-HARD,"[14, 29]",5656.724387878786
SOFT-MEDIUM-HARD,"[15, 29]",5656.724387878787
MEDIUM-HARD-SOFT,"[14, 42]",5656.724387878788
SOFT-HARD-MEDIUM,"[15, 43]",5656.724387878788
HARD-SOFT,[13],5656.72847878788
SOFT-MEDIUM,[39],5656.757636363636
MEDIUM-SOFT,[18],5656.757636363636
SOFT-HARD-MEDIUM,"[17, 35]",5656.786987878787
MEDIUM-SOFT-HARD,"[22, 39]",5656.786987878787
SOFT-MEDIUM-HARD,"[17, 39]",5656.786987878788
MEDIUM-HARD-SOFT,"[22, 40]",5656.786987878788
HARD-SOFT-MEDIUM,"[18, 35]",5656.786987878789
HARD-MEDIUM-SOFT,"[18, 40]",5656.786987878789
SOFT-HARD,[22],5656.966145454544
HARD-SOFT,[35],5656.966145454546
SOFT-MEDIUM-HARD,"[16, 28]",5656.99638181818
MEDIUM-SOFT-HARD,"[12, 28]",5656.996381818181
MEDIUM-HARD-SOFT,"[12, 41]",5656.996381818182
SOFT-HARD-MEDIUM,"[14, 39]",5657.030515151514
MEDIUM-HARD-SOFT,"[18, 43]",5657.030515151514
SOFT-MEDIUM-HARD,"[14, 32]",5657.030515151514
MEDIUM-SOFT-HARD,"[18, 32]",5657.030515151514
MEDIUM-HARD-SOFT,"[10, 20]",5657.04963030303
HARD-MEDIUM-SOFT,"[10, 20]",5657.04963030303
MEDIUM-HARD-SOFT,"[22, 33]",5657.065842424241
SOFT-HARD-MEDIUM,"[24, 35]",5657.065842424241
HARD-SOFT-MEDIUM,"[11, 35]",5657.065842424243
HARD-MEDIUM-SOFT,"[11, 33]",5657.065842424243
SOFT-MEDIUM-HARD,"[14, 31]",5657.06769090909
MEDIUM-HARD-SOFT,"[17, 43]",5657.06769090909
SOFT-HARD-MEDIUM,"[14, 40]",5657.067690909091
MEDIUM-SOFT-HARD,"[17, 31]",5657.067690909091
SOFT-MEDIUM,[36],5657.099018181818
MEDIUM-SOFT,[21],5657.099018181818
MEDIUM-SOFT,[17],5657.205272727273
MEDIUM-SOFT-HARD,"[19, 33]",5657.309333333332
MEDIUM-HARD-SOFT,"[19, 43]",5657.309333333332
SOFT-MEDIUM-HARD,"[14, 33]",5657.309333333332
SOFT-HARD-MEDIUM,"[14, 38]",5657.309333333333
HARD-MEDIUM-SOFT,"[24, 43]",5657.309333333334
HARD-SOFT-MEDIUM,"[24, 38]",5657.3093333333345
MEDIUM-SOFT-HARD,"[21, 36]",5657.374963636362
SOFT-HARD-MEDIUM,"[15, 36]",5657.374963636362
MEDIUM-HARD-SOFT,"[21, 42]",5657.374963636363
SOFT-MEDIUM-HARD,"[15, 36]",5657.374963636363
HARD-SOFT-MEDIUM,"[21, 36]",5657.374963636364
HARD-MEDIUM-SOFT,"[21, 42]",5657.374963636365
SOFT-MEDIUM-HARD,"[14, 30]",5657.420860606058
MEDIUM-HARD-SOFT,"[16, 43]",5657.420860606059
MEDIUM-SOFT-HARD,"[16, 30]",5657.420860606059
SOFT-HARD-MEDIUM,"[14, 41]",5657.42086060606
MEDIUM-SOFT-HARD,"[22, 38]",5657.646957575756
SOFT-HARD-MEDIUM,"[16, 35]",5657.6469575757565
SOFT-MEDIUM-HARD,"[16, 38]",5657.6469575757565
MEDIUM-HARD-SOFT,"[22, 41]",5657.646957575757
HARD-SOFT-MEDIUM,"[19, 35]",5657.646957575758
HARD-MEDIUM-SOFT,"[19, 41]",5657.646957575759
MEDIUM-SOFT,[22],5657.774242424242
SOFT-MEDIUM,[35],5657.774242424242
MEDIUM-HARD-SOFT,"[23, 37]",5657.8802727272705
MEDIUM-SOFT-HARD,"[23, 43]",5657.880272727271
SOFT-HARD-MEDIUM,"[20, 34]",5657.880272727272
SOFT-MEDIUM-HARD,"[20, 43]",5657.880272727272
HARD-MEDIUM-SOFT,"[14, 37]",5657.880272727272
HARD-SOFT-MEDIUM,"[14, 34]",5657.880272727274
MEDIUM-SOFT-HARD,"[13, 28]",5657.895424242422
SOFT-MEDIUM-HARD,"[15, 28]",5657.895424242423
SOFT-HARD-MEDIUM,"[15, 44]",5657.895424242424
MEDIUM-HARD-SOFT,"[13, 42]",5657.895424242424
SOFT-MEDIUM-HARD,"[14, 34]",5657.904145454543
MEDIUM-SOFT-HARD,"[20, 34]",5657.904145454544
MEDIUM-HARD-SOFT,"[20, 43]",5657.904145454544
SOFT-HARD-MEDIUM,"[14, 37]",5657.904145454545
HARD-SOFT-MEDIUM,"[23, 37]",5657.904145454547
HARD-MEDIUM-SOFT,"[23, 43]",5657.904145454547
MEDIUM-SOFT,[16],5657.933624242424
MEDIUM-HARD-SOFT,"[23, 38]",5657.935272727271
SOFT-MEDIUM-HARD,"[19, 42]",5657.935272727272
MEDIUM-SOFT-HARD,"[23, 42]",5657.935272727272
SOFT-HARD-MEDIUM,"[19, 34]",5657.935272727273
HARD-MEDIUM-SOFT,"[15, 38]",5657.935272727273
HARD-SOFT-MEDIUM,"[15, 34]",5657.9352727272735
HARD-MEDIUM-SOFT,"[10, 32]",5658.005484848483
MEDIUM-HARD-SOFT,"[22, 32]",5658.005484848483
HARD-SOFT-MEDIUM,"[10, 35]",5658.005484848485
MEDIUM-HARD-SOFT,"[23, 36]",5658.050224242423
MEDIUM-SOFT-HARD,"[23, 44]",5658.050224242424
SOFT-MEDIUM-HARD,"[21, 44]",5658.050224242424
SOFT-HARD-MEDIUM,"[21, 34]",5658.050224242424
HARD-MEDIUM-SOFT,"[13, 36]",5658.0502242424245
HARD-SOFT-MEDIUM,"[13, 34]",5658.050224242425
SOFT-MEDIUM-HARD,"[14, 29]",5658.090024242422
MEDIUM-HARD-SOFT,"[15, 43]",5658.090024242423
MEDIUM-SOFT-HARD,"[15, 29]",5658.090024242423
SOFT-HARD-MEDIUM,"[14, 42]",5658.090024242424
SOFT-MEDIUM-HARD,"[18, 41]",5658.215224242423
MEDIUM-SOFT-HARD,"[23, 41]",5658.215224242423
MEDIUM-HARD-SOFT,"[23, 39]",5658.215224242424
SOFT-HARD-MEDIUM,"[18, 34]",5658.2152242424245
HARD-MEDIUM-SOFT,"[16, 39]",5658.215224242425
HARD-SOFT-MEDIUM,"[16, 34]",5658.215224242425
MEDIUM-SOFT-HARD,"[10, 27]",5658.236842424242
SOFT-MEDIUM-HARD,"[17, 27]",5658.236842424242
MEDIUM-HARD-SOFT,"[10, 40]",5658.236842424243
MEDIUM-HARD-SOFT,"[23, 35]",5658.445127272726
SOFT-HARD-MEDIUM,"[22, 34]",5658.445127272727
HARD-MEDIUM-SOFT,"[12, 35]",5658.445127272727
HARD-SOFT-MEDIUM,"[12, 34]",5658.445127272728
SOFT-MEDIUM-HARD,"[16, 27]",5658.669290909091
MEDIUM-SOFT-HARD,"[11, 27]",5658.669290909091
MEDIUM-HARD-SOFT,"[11, 41]",5658.669290909091
MEDIUM-SOFT-HARD,"[23, 40]",5658.720127272726
SOFT-MEDIUM-HARD,"[17, 40]",5658.720127272726
MEDIUM-HARD-SOFT,"[23, 40]",5658.720127272726
SOFT-HARD-MEDIUM,"[17, 34]",5658.720127272727
HARD-MEDIUM-SOFT,"[17, 40]",5658.720127272729
HARD-SOFT-MEDIUM,"[17, 34]",5658.720127272729
SOFT-MEDIUM,[34],5658.730181818182
MEDIUM-SOFT,[23],5658.730181818182
MEDIUM-SOFT-HARD,"[22, 37]",5658.731878787877
SOFT-MEDIUM-HARD,"[15, 37]",5658.731878787878
MEDIUM-HARD-SOFT,"[22, 42]",5658.731878787878
SOFT-HARD-MEDIUM,"[15, 35]",5658.731878787878
HARD-SOFT-MEDIUM,"[20, 35]",5658.731878787879
HARD-MEDIUM-SOFT,"[20, 42]",5658.73187878788
SOFT-HARD-MEDIUM,"[14, 36]",5658.81495151515
MEDIUM-HARD-SOFT,"[21, 43]",5658.81495151515
SOFT-MEDIUM-HARD,"[14, 35]",5658.814951515151
MEDIUM-SOFT-HARD,"[21, 35]",5658.814951515151
HARD-SOFT-MEDIUM,"[22, 36]",5658.814951515152
HARD-MEDIUM-SOFT,"[22, 43]",5658.814951515152
MEDIUM-SOFT,[15],5658.942690909091
MEDIUM-HARD-SOFT,"[23, 34]",5659.064981818181
SOFT-HARD-MEDIUM,"[23, 34]",5659.064981818182
HARD-SOFT-MEDIUM,"[11, 34]",5659.064981818183
HARD-MEDIUM-SOFT,"[11, 34]",5659.064981818183
MEDIUM-SOFT-HARD,"[14, 28]",5659.075181818181
SOFT-MEDIUM-HARD,"[14, 28]",5659.075181818181
SOFT-HARD-MEDIUM,"[14, 43]",5659.075181818182
MEDIUM-HARD-SOFT,"[14, 43]",5659.075181818182
SOFT-HARD-MEDIUM,"[13, 39]",5659.085799999999
MEDIUM-SOFT-HARD,"[18, 31]",5659.085799999999
MEDIUM-HARD-SOFT,"[18, 44]",5659.085799999999
SOFT-MEDIUM-HARD,"[13, 31]",5659.0858
MEDIUM-SOFT-HARD,"[19, 32]",5659.234503030301
SOFT-HARD-MEDIUM,"[13, 38]",5659.234503030302
SOFT-MEDIUM-HARD,"[13, 32]",5659.234503030302
MEDIUM-HARD-SOFT,"[19, 44]",5659.234503030302
SOFT-MEDIUM-HARD,"[13, 30]",5659.253090909089
MEDIUM-SOFT-HARD,"[17, 30]",5659.253090909089
MEDIUM-HARD-SOFT,"[17, 44]",5659.25309090909
SOFT-HARD-MEDIUM,"[13, 40]",5659.25309090909
HARD-SOFT,[12],5659.304618181819
SOFT-MEDIUM-HARD,"[15, 27]",5659.382454545454
MEDIUM-SOFT-HARD,"[12, 27]",5659.3824545454545
MEDIUM-HARD-SOFT,"[12, 42]",5659.3824545454545
SOFT-MEDIUM-HARD,"[16, 39]",5659.449981818181
MEDIUM-SOFT-HARD,"[23, 39]",5659.449981818181
MEDIUM-HARD-SOFT,"[23, 41]",5659.449981818181
SOFT-HARD-MEDIUM,"[16, 34]",5659.449981818182
HARD-MEDIUM-SOFT,"[18, 41]",5659.449981818183
HARD-SOFT-MEDIUM,"[18, 34]",5659.449981818184
SOFT-HARD,[21],5659.563890909089
HARD-SOFT,[36],5659.563890909092
SOFT-MEDIUM-HARD,"[13, 33]",5659.699199999998
MEDIUM-SOFT-HARD,"[20, 33]",5659.699199999998
MEDIUM-HARD-SOFT,"[20, 44]",5659.699199999999
SOFT-HARD-MEDIUM,"[13, 37]",5659.699199999999
HARD-MEDIUM-SOFT,"[24, 44]",5659.699200000001
HARD-SOFT-MEDIUM,"[24, 37]",5659.699200000001
MEDIUM-SOFT-HARD,"[16, 29]",5659.736375757574
SOFT-MEDIUM-HARD,"[13, 29]",5659.736375757574
SOFT-HARD-MEDIUM,"[13, 41]",5659.736375757575
MEDIUM-HARD-SOFT,"[16, 44]",5659.736375757575
MEDIUM-HARD-SOFT,"[23, 33]",5659.909787878787
HARD-MEDIUM-SOFT,"[10, 33]",5659.909787878787
SOFT-HARD-MEDIUM,"[24, 34]",5659.909787878788
HARD-SOFT-MEDIUM,"[10, 34]",5659.909787878789
SOFT-MEDIUM,[33],5659.9668363636365
MEDIUM-SOFT,[24],5659.966836363637
SOFT-HARD-MEDIUM,"[14, 35]",5660.04175151515
MEDIUM-SOFT-HARD,"[22, 36]",5660.04175151515
MEDIUM-HARD-SOFT,"[22, 43]",5660.04175151515
SOFT-MEDIUM-HARD,"[14, 36]",5660.04175151515
HARD-MEDIUM-SOFT,"[21, 43]",5660.041751515152
HARD-SOFT-MEDIUM,"[21, 35]",5660.041751515152
MEDIUM-SOFT,[14],5660.232472727272
SOFT-HARD-MEDIUM,"[14, 44]",5660.376333333333
MEDIUM-SOFT-HARD,"[13, 27]",5660.376333333333
MEDIUM-HARD-SOFT,"[13, 43]",5660.376333333333
SOFT-MEDIUM-HARD,"[14, 27]",5660.376333333333
MEDIUM-SOFT-HARD,"[23, 38]",5660.404787878786
SOFT-MEDIUM-HARD,"[15, 38]",5660.404787878786
MEDIUM-HARD-SOFT,"[23, 42]",5660.404787878787
SOFT-HARD-MEDIUM,"[15, 34]",5660.404787878788
HARD-MEDIUM-SOFT,"[19, 42]",5660.404787878789
HARD-SOFT-MEDIUM,"[19, 34]",5660.40478787879
MEDIUM-HARD-SOFT,"[24, 38]",5660.444636363635
SOFT-HARD-MEDIUM,"[19, 33]",5660.444636363635
MEDIUM-SOFT-HARD,"[24, 43]",5660.444636363635
SOFT-MEDIUM-HARD,"[19, 43]",5660.444636363635
HARD-MEDIUM-SOFT,"[14, 38]",5660.444636363636
HARD-SOFT-MEDIUM,"[14, 33]",5660.444636363637
MEDIUM-SOFT-HARD,"[21, 34]",5660.479890909089
SOFT-MEDIUM-HARD,"[13, 34]",5660.47989090909
MEDIUM-HARD-SOFT,"[21, 44]",5660.47989090909
SOFT-HARD-MEDIUM,"[13, 36]",5660.47989090909
HARD-SOFT-MEDIUM,"[23, 36]",5660.479890909091
HARD-MEDIUM-SOFT,"[23, 44]",5660.479890909092
SOFT-HARD-MEDIUM,"[20, 33]",5660.51975151515
MEDIUM-HARD-SOFT,"[24, 37]",5660.51975151515
SOFT-MEDIUM-HARD,"[20, 44]",5660.519751515151
MEDIUM-SOFT-HARD,"[24, 44]",5660.519751515151
HARD-MEDIUM-SOFT,"[13, 37]",5660.519751515152
HARD-SOFT-MEDIUM,"[13, 33]",5660.519751515152
MEDIUM-SOFT-HARD,"[15, 28]",5660.535654545453
SOFT-MEDIUM-HARD,"[13, 28]",5660.535654545453
SOFT-HARD-MEDIUM,"[13, 42]",5660.535654545454
MEDIUM-HARD-SOFT,"[15, 44]",5660.535654545454
SOFT-HARD-MEDIUM,"[18, 33]",5660.594472727272
MEDIUM-SOFT-HARD,"[24, 42]",5660.594472727272
SOFT-MEDIUM-HARD,"[18, 42]",5660.594472727272
HARD-SOFT-MEDIUM,"[15, 33]",5660.594472727273
MEDIUM-HARD-SOFT,"[24, 39]",5660.594472727273
HARD-MEDIUM-SOFT,"[15, 39]",5660.594472727274
SOFT-MEDIUM-HARD,"[16, 26]",5660.658193939393
MEDIUM-SOFT-HARD,"[10, 26]",5660.658193939393
MEDIUM-HARD-SOFT,"[10, 41]",5660.658193939395
SOFT-HARD-MEDIUM,"[21, 33]",5660.819818181817
MEDIUM-HARD-SOFT,"[24, 36]",5660.819818181817
HARD-MEDIUM-SOFT,"[12, 36]",5660.819818181819
HARD-SOFT-MEDIUM,"[12, 33]",5660.819818181819
MEDIUM-SOFT-HARD,"[24, 41]",5660.969260606059
SOFT-HARD-MEDIUM,"[17, 33]",5660.96926060606
SOFT-MEDIUM-HARD,"[17, 41]",5660.96926060606
HARD-SOFT-MEDIUM,"[16, 33]",5660.969260606061
MEDIUM-HARD-SOFT,"[24, 40]",5660.969260606061
HARD-MEDIUM-SOFT,"[16, 40]",5660.969260606062
MEDIUM-SOFT-HARD,"[11, 26]",5661.185478787877
SOFT-MEDIUM-HARD,"[15, 26]",5661.185478787877
MEDIUM-HARD-SOFT,"[11, 42]",5661.185478787878
SOFT-HARD-MEDIUM,"[22, 33]",5661.344836363635
MEDIUM-HARD-SOFT,"[24, 35]",5661.344836363636
HARD-MEDIUM-SOFT,"[11, 35]",5661.344836363636
HARD-SOFT-MEDIUM,"[11, 33]",5661.344836363637
MEDIUM-SOFT-HARD,"[18, 30]",5661.3660363636345
SOFT-MEDIUM-HARD,"[12, 30]",5661.3660363636345
SOFT-HARD-MEDIUM,"[12, 39]",5661.366036363635
SOFT-MEDIUM-HARD,"[12, 31]",5661.384624242423
MEDIUM-SOFT-HARD,"[19, 31]",5661.384624242423
SOFT-HARD-MEDIUM,"[12, 38]",5661.384624242423
SOFT-MEDIUM,[32],5661.484206060606
MEDIUM-SOFT,[25],5661.484206060606
MEDIUM-SOFT-HARD,"[24, 40]",5661.568999999999
SOFT-HARD-MEDIUM,"[16, 33]",5661.5689999999995
SOFT-MEDIUM-HARD,"[16, 40]",5661.5689999999995
MEDIUM-HARD-SOFT,"[24, 41]",5661.5689999999995
HARD-SOFT-MEDIUM,"[17, 33]",5661.569
HARD-MEDIUM-SOFT,"[17, 41]",5661.569000000001
SOFT-HARD-MEDIUM,"[13, 35]",5661.576575757575
MEDIUM-HARD-SOFT,"[22, 44]",5661.576575757575
MEDIUM-SOFT-HARD,"[22, 35]",5661.576575757575
SOFT-MEDIUM-HARD,"[13, 35]",5661.5765757575755
HARD-SOFT-MEDIUM,"[22, 35]",5661.576575757576
HARD-MEDIUM-SOFT,"[22, 44]",5661.576575757576
SOFT-MEDIUM-HARD,"[14, 37]",5661.584545454543
MEDIUM-HARD-SOFT,"[23, 43]",5661.584545454544
MEDIUM-SOFT-HARD,"[23, 37]",5661.584545454544
SOFT-HARD-MEDIUM,"[14, 34]",5661.584545454545
HARD-MEDIUM-SOFT,"[20, 43]",5661.584545454547
HARD-SOFT-MEDIUM,"[20, 34]",5661.584545454547
MEDIUM-SOFT-HARD,"[14, 27]",5661.650927272726
SOFT-HARD-MEDIUM,"[13, 43]",5661.650927272726
SOFT-MEDIUM-HARD,"[13, 27]",5661.650927272727
MEDIUM-HARD-SOFT,"[14, 44]",5661.650927272727
SOFT-MEDIUM-HARD,"[12, 29]",5661.663442424241
MEDIUM-SOFT-HARD,"[17, 29]",5661.663442424241
SOFT-HARD-MEDIUM,"[12, 40]",5661.663442424242
SOFT-MEDIUM-HARD,"[12, 32]",5661.719206060605
MEDIUM-SOFT-HARD,"[20, 32]",5661.719206060605
SOFT-HARD-MEDIUM,"[12, 37]",5661.719206060606
MEDIUM-SOFT,[13],5661.80296969697
SOFT-MEDIUM-HARD,"[14, 26]",5661.9934787878765
MEDIUM-SOFT-HARD,"[12, 26]",5661.993478787878
MEDIUM-HARD-SOFT,"[12, 43]",5661.993478787878
SOFT-HARD-MEDIUM,"[23, 33]",5662.094806060605
HARD-MEDIUM-SOFT,"[10, 34]",5662.094806060606
MEDIUM-HARD-SOFT,"[24, 34]",5662.094806060606
HARD-SOFT-MEDIUM,"[10, 33]",5662.094806060607
HARD-SOFT,[11],5662.10570909091
MEDIUM-SOFT-HARD,"[16, 28]",5662.276842424241
SOFT-MEDIUM-HARD,"[12, 28]",5662.276842424241
SOFT-HARD-MEDIUM,"[12, 41]",5662.276842424242
MEDIUM-SOFT-HARD,"[21, 33]",5662.36978181818
SOFT-MEDIUM-HARD,"[12, 33]",5662.36978181818
SOFT-HARD-MEDIUM,"[12, 36]",5662.369781818181
HARD-SOFT-MEDIUM,"[24, 36]",5662.369781818182
SOFT-HARD,[20],5662.386587878787
HARD-SOFT,[37],5662.386587878787
MEDIUM-SOFT-HARD,"[24, 39]",5662.39369090909
SOFT-HARD-MEDIUM,"[15, 33]",5662.39369090909
MEDIUM-HARD-SOFT,"[24, 42]",5662.39369090909
SOFT-MEDIUM-HARD,"[15, 39]",5662.393690909091
HARD-SOFT-MEDIUM,"[18, 33]",5662.393690909092
HARD-MEDIUM-SOFT,"[18, 42]",5662.393690909092
MEDIUM-SOFT-HARD,"[23, 36]",5662.989254545453
SOFT-MEDIUM-HARD,"[13, 36]",5662.989254545453
SOFT-HARD-MEDIUM,"[13, 34]",5662.989254545454
MEDIUM-HARD-SOFT,"[23, 44]",5662.989254545454
HARD-MEDIUM-SOFT,"[21, 44]",5662.989254545456
HARD-SOFT-MEDIUM,"[21, 34]",5662.989254545456
MEDIUM-SOFT-HARD,"[13, 26]",5663.082193939392
SOFT-MEDIUM-HARD,"[13, 26]",5663.082193939393
SOFT-HARD-MEDIUM,"[13, 44]",5663.082193939393
MEDIUM-HARD-SOFT,"[13, 44]",5663.082193939394
SOFT-HARD-MEDIUM,"[12, 42]",5663.206236363636
MEDIUM-SOFT-HARD,"[15, 27]",5663.206236363636
SOFT-MEDIUM-HARD,"[12, 27]",5663.206236363636
SOFT-MEDIUM-HARD,"[19, 44]",5663.269993939393
SOFT-HARD-MEDIUM,"[19, 32]",5663.269993939393
HARD-MEDIUM-SOFT,"[13, 38]",5663.269993939394
HARD-SOFT-MEDIUM,"[13, 32]",5663.269993939395
MEDIUM-SOFT,[26],5663.28229090909
SOFT-MEDIUM,[31],5663.282290909091
SOFT-MEDIUM-HARD,"[18, 43]",5663.289715151514
SOFT-HARD-MEDIUM,"[18, 32]",5663.289715151514
HARD-SOFT-MEDIUM,"[14, 32]",5663.289715151515
HARD-MEDIUM-SOFT,"[14, 39]",5663.289715151516
MEDIUM-SOFT-HARD,"[10, 25]",5663.304496969696
SOFT-MEDIUM-HARD,"[15, 25]",5663.304496969696
MEDIUM-HARD-SOFT,"[10, 42]",5663.304496969697
MEDIUM-SOFT-HARD,"[22, 34]",5663.3363515151495
SOFT-MEDIUM-HARD,"[12, 34]",5663.3363515151495
SOFT-HARD-MEDIUM,"[12, 35]",5663.33635151515
HARD-SOFT-MEDIUM,"[23, 35]",5663.336351515152
SOFT-MEDIUM-HARD,"[14, 38]",5663.443333333332
MEDIUM-HARD-SOFT,"[24, 43]",5663.443333333332
MEDIUM-SOFT-HARD,"[24, 38]",5663.443333333332
SOFT-HARD-MEDIUM,"[14, 33]",5663.443333333333
HARD-MEDIUM-SOFT,"[19, 43]",5663.443333333334
HARD-SOFT-MEDIUM,"[19, 33]",5663.4433333333345
HARD-MEDIUM-SOFT,"[12, 37]",5663.475224242424
SOFT-HARD-MEDIUM,"[20, 32]",5663.475224242424
HARD-SOFT-MEDIUM,"[12, 32]",5663.475224242425
SOFT-MEDIUM-HARD,"[17, 42]",5663.534387878787
SOFT-HARD-MEDIUM,"[17, 32]",5663.534387878787
HARD-SOFT-MEDIUM,"[15, 32]",5663.534387878788
HARD-MEDIUM-SOFT,"[15, 40]",5663.534387878789
MEDIUM-SOFT,[12],5663.654181818183
MEDIUM-SOFT-HARD,"[19, 30]",5663.759696969695
SOFT-MEDIUM-HARD,"[11, 30]",5663.759696969695
SOFT-HARD-MEDIUM,"[11, 38]",5663.759696969696
SOFT-MEDIUM-HARD,"[11, 29]",5663.871224242423
MEDIUM-SOFT-HARD,"[18, 29]",5663.871224242423
SOFT-HARD-MEDIUM,"[11, 39]",5663.8712242424235
SOFT-HARD-MEDIUM,"[21, 32]",5663.905406060605
HARD-SOFT-MEDIUM,"[11, 32]",5663.905406060607
HARD-MEDIUM-SOFT,"[11, 36]",5663.905406060607
SOFT-MEDIUM-HARD,"[14, 25]",5663.926618181817
MEDIUM-SOFT-HARD,"[11, 25]",5663.926618181817
MEDIUM-HARD-SOFT,"[11, 43]",5663.9266181818175
SOFT-HARD-MEDIUM,"[11, 37]",5663.964163636363
SOFT-MEDIUM-HARD,"[11, 31]",5663.964163636363
MEDIUM-SOFT-HARD,"[20, 31]",5663.964163636363
SOFT-HARD-MEDIUM,"[16, 32]",5664.004012121211
SOFT-MEDIUM-HARD,"[16, 41]",5664.004012121211
HARD-SOFT-MEDIUM,"[16, 32]",5664.004012121212
HARD-MEDIUM-SOFT,"[16, 41]",5664.004012121213
MEDIUM-SOFT-HARD,"[17, 28]",5664.298745454545
SOFT-MEDIUM-HARD,"[11, 28]",5664.298745454545
SOFT-HARD-MEDIUM,"[11, 40]",5664.2987454545455
MEDIUM-SOFT-HARD,"[14, 26]",5664.451624242422
SOFT-MEDIUM-HARD,"[12, 26]",5664.451624242422
SOFT-HARD-MEDIUM,"[12, 43]",5664.451624242423
MEDIUM-SOFT-HARD,"[21, 32]",5664.484624242423
SOFT-HARD-MEDIUM,"[11, 36]",5664.484624242423
SOFT-MEDIUM-HARD,"[11, 32]",5664.484624242423
SOFT-HARD-MEDIUM,"[22, 32]",5664.560539393939
HARD-MEDIUM-SOFT,"[10, 35]",5664.56053939394
HARD-SOFT-MEDIUM,"[10, 32]",5664.56053939394
SOFT-MEDIUM-HARD,"[12, 35]",5664.618915151515
MEDIUM-SOFT-HARD,"[23, 35]",5664.618915151515
SOFT-HARD-MEDIUM,"[12, 34]",5664.6189151515155
HARD-SOFT-MEDIUM,"[22, 34]",5664.618915151516
SOFT-MEDIUM-HARD,"[15, 40]",5664.698587878787
SOFT-HARD-MEDIUM,"[15, 32]",5664.698587878787
HARD-SOFT-MEDIUM,"[17, 32]",5664.698587878788
HARD-MEDIUM-SOFT,"[17, 42]",5664.698587878789
MEDIUM-SOFT-HARD,"[24, 37]",5664.717927272725
MEDIUM-HARD-SOFT,"[24, 44]",5664.717927272726
SOFT-HARD-MEDIUM,"[13, 33]",5664.717927272726
SOFT-MEDIUM-HARD,"[13, 37]",5664.717927272726
HARD-SOFT-MEDIUM,"[20, 33]",5664.717927272728
HARD-MEDIUM-SOFT,"[20, 44]",5664.717927272729
SOFT-MEDIUM-HARD,"[13, 25]",5664.829454545453
MEDIUM-SOFT-HARD,"[12, 25]",5664.829454545454
MEDIUM-HARD-SOFT,"[12, 44]",5664.829454545455
SOFT-MEDIUM-HARD,"[11, 27]",5665.04226060606
SOFT-HARD-MEDIUM,"[11, 41]",5665.04226060606
MEDIUM-SOFT-HARD,"[16, 27]",5665.04226060606
HARD-SOFT,[10],5665.131751515152
MEDIUM-SOFT-HARD,"[22, 33]",5665.321078787877
SOFT-MEDIUM-HARD,"[11, 33]",5665.321078787877
SOFT-HARD-MEDIUM,"[11, 35]",5665.321078787878
HARD-SOFT-MEDIUM,"[24, 35]",5665.32107878788
SOFT-MEDIUM,[30],5665.361090909091
MEDIUM-SOFT,[27],5665.361090909092
SOFT-HARD,[19],5665.434236363636
HARD-SOFT,[38],5665.434236363637
SOFT-HARD-MEDIUM,"[14, 32]",5665.618115151515
SOFT-MEDIUM-HARD,"[14, 39]",5665.618115151515
HARD-MEDIUM-SOFT,"[18, 43]",5665.618115151516
HARD-SOFT-MEDIUM,"[18, 32]",5665.618115151517
MEDIUM-SOFT,[11],5665.786109090909
SOFT-MEDIUM-HARD,"[12, 25]",5666.013006060604
MEDIUM-SOFT-HARD,"[13, 25]",5666.013006060604
SOFT-HARD-MEDIUM,"[12, 44]",5666.013006060605
MEDIUM-SOFT-HARD,"[15, 26]",5666.101769696968
SOFT-MEDIUM-HARD,"[11, 26]",5666.101769696968
SOFT-HARD-MEDIUM,"[11, 42]",5666.10176969697
SOFT-MEDIUM-HARD,"[14, 24]",5666.17575151515
MEDIUM-SOFT-HARD,"[10, 24]",5666.17575151515
MEDIUM-HARD-SOFT,"[10, 43]",5666.175751515151
SOFT-MEDIUM-HARD,"[12, 36]",5666.217472727271
MEDIUM-SOFT-HARD,"[24, 36]",5666.217472727271
SOFT-HARD-MEDIUM,"[12, 33]",5666.217472727272
HARD-SOFT-MEDIUM,"[21, 33]",5666.217472727273
SOFT-HARD-MEDIUM,"[18, 31]",5666.300951515152
SOFT-MEDIUM-HARD,"[18, 44]",5666.300951515152
HARD-SOFT-MEDIUM,"[13, 31]",5666.3009515151525
HARD-MEDIUM-SOFT,"[13, 39]",5666.3009515151525
SOFT-MEDIUM-HARD,"[10, 29]",5666.359721212119
MEDIUM-SOFT-HARD,"[19, 29]",5666.359721212119
SOFT-HARD-MEDIUM,"[10, 38]",5666.359721212121
SOFT-HARD-MEDIUM,"[19, 31]",5666.411345454545
HARD-MEDIUM-SOFT,"[12, 38]",5666.411345454546
HARD-SOFT-MEDIUM,"[12, 31]",5666.411345454547
SOFT-HARD-MEDIUM,"[17, 31]",5666.415509090909
SOFT-MEDIUM-HARD,"[17, 43]",5666.415509090909
HARD-MEDIUM-SOFT,"[14, 40]",5666.41550909091
HARD-SOFT-MEDIUM,"[14, 31]",5666.415509090911
SOFT-MEDIUM-HARD,"[10, 30]",5666.434072727271
MEDIUM-SOFT-HARD,"[20, 30]",5666.434072727271
SOFT-HARD-MEDIUM,"[10, 37]",5666.434072727273
MEDIUM-SOFT-HARD,"[23, 34]",5666.473527272726
SOFT-MEDIUM-HARD,"[11, 34]",5666.473527272726
SOFT-HARD-MEDIUM,"[11, 34]",5666.473527272728
HARD-SOFT-MEDIUM,"[23, 34]",5666.4735272727285
SOFT-MEDIUM-HARD,"[10, 28]",5666.601363636362
MEDIUM-SOFT-HARD,"[18, 28]",5666.601363636362
SOFT-HARD-MEDIUM,"[10, 39]",5666.601363636363
SOFT-HARD-MEDIUM,"[20, 31]",5666.746690909091
HARD-MEDIUM-SOFT,"[11, 37]",5666.746690909091
HARD-SOFT-MEDIUM,"[11, 31]",5666.746690909092
SOFT-MEDIUM-HARD,"[16, 42]",5666.755018181818
SOFT-HARD-MEDIUM,"[16, 31]",5666.755018181818
HARD-MEDIUM-SOFT,"[15, 41]",5666.755018181819
HARD-SOFT-MEDIUM,"[15, 31]",5666.75501818182
SOFT-HARD-MEDIUM,"[13, 32]",5666.762593939393
SOFT-MEDIUM-HARD,"[13, 38]",5666.762593939393
HARD-SOFT-MEDIUM,"[19, 32]",5666.762593939395
HARD-MEDIUM-SOFT,"[19, 44]",5666.762593939395
SOFT-HARD-MEDIUM,"[10, 36]",5666.824418181817
MEDIUM-SOFT-HARD,"[21, 31]",5666.824418181817
SOFT-MEDIUM-HARD,"[10, 31]",5666.824418181817
SOFT-MEDIUM-HARD,"[13, 24]",5666.892709090908
MEDIUM-SOFT-HARD,"[11, 24]",5666.892709090908
MEDIUM-HARD-SOFT,"[11, 44]",5666.892709090909
SOFT-MEDIUM-HARD,"[10, 27]",5667.159
MEDIUM-SOFT-HARD,"[17, 27]",5667.159
SOFT-HARD-MEDIUM,"[10, 40]",5667.159000000001
SOFT-HARD-MEDIUM,"[21, 31]",5667.306987878787
HARD-MEDIUM-SOFT,"[10, 36]",5667.306987878788
HARD-SOFT-MEDIUM,"[10, 31]",5667.306987878789
SOFT-MEDIUM-HARD,"[15, 41]",5667.319478787878
HARD-SOFT-MEDIUM,"[16, 31]",5667.319478787879
SOFT-HARD-MEDIUM,"[15, 31]",5667.319478787879
HARD-MEDIUM-SOFT,"[16, 42]",5667.31947878788
MEDIUM-SOFT-HARD,"[14, 25]",5667.477272727271
SOFT-MEDIUM-HARD,"[11, 25]",5667.477272727271
SOFT-HARD-MEDIUM,"[11, 43]",5667.477272727273
MEDIUM-SOFT-HARD,"[22, 32]",5667.530757575756
SOFT-MEDIUM-HARD,"[10, 32]",5667.530757575756
SOFT-HARD-MEDIUM,"[10, 35]",5667.530757575757
SOFT-MEDIUM,[29],5667.720606060607
MEDIUM-SOFT,[28],5667.720606060608
SOFT-MEDIUM-HARD,"[12, 24]",5667.890381818181
MEDIUM-SOFT-HARD,"[12, 24]",5667.890381818182
MEDIUM-SOFT-HARD,"[24, 35]",5667.941969696969
SOFT-HARD-MEDIUM,"[11, 33]",5667.941969696969
SOFT-MEDIUM-HARD,"[11, 35]",5667.941969696969
HARD-SOFT-MEDIUM,"[22, 33]",5667.941969696971
SOFT-MEDIUM-HARD,"[10, 26]",5668.032630303029
MEDIUM-SOFT-HARD,"[16, 26]",5668.032630303029
SOFT-HARD-MEDIUM,"[10, 41]",5668.032630303031
SOFT-MEDIUM-HARD,"[14, 40]",5668.1088909090895
SOFT-HARD-MEDIUM,"[14, 31]",5668.108890909091
HARD-MEDIUM-SOFT,"[17, 43]",5668.108890909092
HARD-SOFT-MEDIUM,"[17, 31]",5668.108890909092
SOFT-MEDIUM-HARD,"[12, 37]",5668.132024242423
SOFT-HARD-MEDIUM,"[12, 32]",5668.1320242424235
HARD-SOFT-MEDIUM,"[20, 32]",5668.132024242425
MEDIUM-SOFT,[10],5668.198751515151
SOFT-MEDIUM-HARD,"[10, 33]",5668.553090909089
MEDIUM-SOFT-HARD,"[23, 33]",5668.553090909089
SOFT-HARD-MEDIUM,"[10, 34]",5668.553090909091
HARD-SOFT-MEDIUM,"[24, 34]",5668.553090909092
SOFT-HARD,[18],5668.706836363635
HARD-SOFT,[39],5668.706836363638
SOFT-MEDIUM-HARD,"[13, 39]",5669.123254545454
SOFT-HARD-MEDIUM,"[13, 31]",5669.123254545454
HARD-MEDIUM-SOFT,"[18, 44]",5669.123254545456
HARD-SOFT-MEDIUM,"[18, 31]",5669.123254545456
SOFT-MEDIUM-HARD,"[11, 24]",5669.168769696968
MEDIUM-SOFT-HARD,"[13, 24]",5669.168769696968
SOFT-HARD-MEDIUM,"[11, 44]",5669.16876969697
MEDIUM-SOFT-HARD,"[15, 25]",5669.222254545453
SOFT-MEDIUM-HARD,"[10, 25]",5669.222254545453
SOFT-HARD-MEDIUM,"[10, 42]",5669.222254545455
SOFT-MEDIUM-HARD,"[13, 23]",5669.271957575757
MEDIUM-HARD-SOFT,"[10, 44]",5669.271957575757
MEDIUM-SOFT-HARD,"[10, 23]",5669.271957575757
SOFT-HARD-MEDIUM,"[17, 30]",5669.612624242423
SOFT-MEDIUM-HARD,"[17, 44]",5669.612624242424
HARD-MEDIUM-SOFT,"[13, 40]",5669.612624242425
HARD-SOFT-MEDIUM,"[13, 30]",5669.612624242425
SOFT-HARD-MEDIUM,"[18, 30]",5669.6281818181815
HARD-SOFT-MEDIUM,"[12, 30]",5669.628181818182
HARD-MEDIUM-SOFT,"[12, 39]",5669.628181818182
SOFT-MEDIUM-HARD,"[11, 36]",5669.726406060605
SOFT-HARD-MEDIUM,"[11, 32]",5669.726406060606
HARD-SOFT-MEDIUM,"[21, 32]",5669.726406060607
SOFT-HARD-MEDIUM,"[16, 30]",5669.822018181818
SOFT-MEDIUM-HARD,"[16, 43]",5669.822018181818
HARD-MEDIUM-SOFT,"[14, 41]",5669.822018181819
HARD-SOFT-MEDIUM,"[14, 30]",5669.822018181819
SOFT-HARD-MEDIUM,"[19, 30]",5669.86869090909
HARD-MEDIUM-SOFT,"[11, 38]",5669.868690909091
HARD-SOFT-MEDIUM,"[11, 30]",5669.868690909092
MEDIUM-SOFT-HARD,"[24, 34]",5669.891418181816
SOFT-MEDIUM-HARD,"[10, 34]",5669.891418181816
SOFT-HARD-MEDIUM,"[10, 33]",5669.891418181818
HARD-SOFT-MEDIUM,"[23, 33]",5669.891418181819
SOFT-MEDIUM-HARD,"[12, 23]",5670.083751515151
MEDIUM-SOFT-HARD,"[11, 23]",5670.083751515151
SOFT-MEDIUM-HARD,"[15, 42]",5670.256363636363
SOFT-HARD-MEDIUM,"[15, 30]",5670.256363636363
HARD-SOFT-MEDIUM,"[15, 30]",5670.256363636364
HARD-MEDIUM-SOFT,"[15, 42]",5670.256363636365
HARD-MEDIUM-SOFT,"[10, 37]",5670.3341515151515
SOFT-HARD-MEDIUM,"[20, 30]",5670.3341515151515
HARD-SOFT-MEDIUM,"[10, 30]",5670.334151515152
MEDIUM-SOFT,[29],5670.360836363637
SOFT-MEDIUM,[28],5670.360836363637
SOFT-MEDIUM-HARD,"[12, 38]",5670.362569696968
SOFT-HARD-MEDIUM,"[12, 31]",5670.362569696969
HARD-SOFT-MEDIUM,"[19, 31]",5670.362569696971
MEDIUM-SOFT-HARD,"[14, 24]",5670.7278727272715
SOFT-MEDIUM-HARD,"[10, 24]",5670.7278727272715
SOFT-HARD-MEDIUM,"[10, 43]",5670.727872727273
SOFT-MEDIUM-HARD,"[14, 41]",5670.915660606059
SOFT-HARD-MEDIUM,"[14, 30]",5670.915660606061
HARD-SOFT-MEDIUM,"[16, 30]",5670.9156606060615
HARD-MEDIUM-SOFT,"[16, 43]",5670.9156606060615
SOFT-MEDIUM-HARD,"[11, 23]",5671.17626060606
MEDIUM-SOFT-HARD,"[12, 23]",5671.176260606061
SOFT-MEDIUM-HARD,"[10, 35]",5671.545739393939
SOFT-HARD-MEDIUM,"[10, 32]",5671.54573939394
HARD-SOFT-MEDIUM,"[22, 32]",5671.5457393939405
SOFT-MEDIUM-HARD,"[13, 40]",5671.799909090908
SOFT-HARD-MEDIUM,"[13, 30]",5671.799909090909
HARD-SOFT-MEDIUM,"[17, 30]",5671.79990909091
HARD-MEDIUM-SOFT,"[17, 44]",5671.799909090911
SOFT-MEDIUM-HARD,"[11, 37]",5671.826836363635
SOFT-HARD-MEDIUM,"[11, 31]",5671.826836363637
HARD-SOFT-MEDIUM,"[20, 31]",5671.826836363638
SOFT-HARD,[17],5672.204387878787
MEDIUM-SOFT-HARD,"[13, 23]",5672.549484848484
SOFT-MEDIUM-HARD,"[10, 23]",5672.549484848484
SOFT-HARD-MEDIUM,"[10, 44]",5672.549484848485
MEDIUM-SOFT-HARD,"[10, 22]",5672.593115151513
SOFT-MEDIUM-HARD,"[12, 22]",5672.593115151513
SOFT-MEDIUM-HARD,"[12, 39]",5672.909109090908
SOFT-HARD-MEDIUM,"[12, 30]",5672.909109090909
HARD-SOFT-MEDIUM,"[18, 30]",5672.9091090909105
SOFT-HARD-MEDIUM,"[17, 29]",5673.125733333333
HARD-MEDIUM-SOFT,"[12, 40]",5673.125733333334
HARD-SOFT-MEDIUM,"[12, 29]",5673.125733333334
SOFT-MEDIUM-HARD,"[16, 44]",5673.205012121212
SOFT-HARD-MEDIUM,"[16, 29]",5673.205012121212
HARD-MEDIUM-SOFT,"[13, 41]",5673.205012121213
HARD-SOFT-MEDIUM,"[13, 29]",5673.205012121213
SOFT-HARD-MEDIUM,"[18, 29]",5673.271406060606
HARD-SOFT-MEDIUM,"[11, 29]",5673.271406060607
HARD-MEDIUM-SOFT,"[11, 39]",5673.271406060607
MEDIUM-SOFT,[30],5673.281781818181
SOFT-MEDIUM,[27],5673.281781818182
SOFT-MEDIUM-HARD,"[11, 22]",5673.499745454544
MEDIUM-SOFT-HARD,"[11, 22]",5673.499745454544
SOFT-HARD-MEDIUM,"[15, 29]",5673.509242424242
SOFT-MEDIUM-HARD,"[15, 43]",5673.509242424242
HARD-SOFT-MEDIUM,"[14, 29]",5673.509242424243
HARD-MEDIUM-SOFT,"[14, 42]",5673.509242424243
SOFT-MEDIUM-HARD,"[10, 36]",5673.516054545454
HARD-SOFT-MEDIUM,"[21, 31]",5673.5160545454555
SOFT-HARD-MEDIUM,"[10, 31]",5673.5160545454555
SOFT-HARD-MEDIUM,"[19, 29]",5673.64203030303
HARD-MEDIUM-SOFT,"[10, 38]",5673.642030303031
HARD-SOFT-MEDIUM,"[10, 29]",5673.642030303032
SOFT-MEDIUM-HARD,"[14, 42]",5674.0384242424225
SOFT-HARD-MEDIUM,"[14, 29]",5674.038424242424
HARD-SOFT-MEDIUM,"[15, 29]",5674.038424242425
HARD-MEDIUM-SOFT,"[15, 43]",5674.038424242425
SOFT-HARD-MEDIUM,"[11, 30]",5674.24326060606
SOFT-MEDIUM-HARD,"[11, 38]",5674.24326060606
HARD-SOFT-MEDIUM,"[19, 30]",5674.243260606062
SOFT-MEDIUM-HARD,"[10, 22]",5674.687090909089
MEDIUM-SOFT-HARD,"[12, 22]",5674.68709090909
SOFT-MEDIUM-HARD,"[13, 41]",5674.792557575756
SOFT-HARD-MEDIUM,"[13, 29]",5674.792557575757
HARD-SOFT-MEDIUM,"[16, 29]",5674.792557575758
HARD-MEDIUM-SOFT,"[16, 44]",5674.792557575759
SOFT-MEDIUM-HARD,"[12, 40]",5675.771642424242
SOFT-HARD-MEDIUM,"[12, 29]",5675.771642424243
HARD-SOFT-MEDIUM,"[17, 29]",5675.7716424242435
SOFT-MEDIUM-HARD,"[10, 37]",5675.802363636362
SOFT-HARD-MEDIUM,"[10, 30]",5675.802363636364
HARD-SOFT-MEDIUM,"[20, 30]",5675.802363636365
SOFT-HARD,[16],5675.926890909091
SOFT-MEDIUM-HARD,"[11, 21]",5676.139224242423
MEDIUM-SOFT-HARD,"[10, 21]",5676.139224242423
MEDIUM-SOFT,[31],5676.483442424243
SOFT-MEDIUM,[26],5676.483442424243
SOFT-HARD-MEDIUM,"[16, 28]",5676.9039999999995
HARD-MEDIUM-SOFT,"[12, 41]",5676.904
HARD-SOFT-MEDIUM,"[12, 28]",5676.904
SOFT-HARD-MEDIUM,"[17, 28]",5676.954836363636
HARD-SOFT-MEDIUM,"[11, 28]",5676.954836363637
HARD-MEDIUM-SOFT,"[11, 40]",5676.954836363638
SOFT-MEDIUM-HARD,"[11, 39]",5676.975678787878
SOFT-HARD-MEDIUM,"[11, 29]",5676.975678787879
HARD-SOFT-MEDIUM,"[18, 29]",5676.9756787878805
SOFT-MEDIUM-HARD,"[15, 44]",5677.078115151515
SOFT-HARD-MEDIUM,"[15, 28]",5677.078115151515
HARD-MEDIUM-SOFT,"[13, 42]",5677.078115151516
HARD-SOFT-MEDIUM,"[13, 28]",5677.078115151516
SOFT-MEDIUM-HARD,"[10, 21]",5677.140690909089
MEDIUM-SOFT-HARD,"[11, 21]",5677.140690909089
SOFT-HARD-MEDIUM,"[18, 28]",5677.230624242424
HARD-SOFT-MEDIUM,"[10, 28]",5677.230624242425
HARD-MEDIUM-SOFT,"[10, 39]",5677.230624242425
SOFT-MEDIUM-HARD,"[14, 43]",5677.47718181818
SOFT-HARD-MEDIUM,"[14, 28]",5677.477181818182
HARD-MEDIUM-SOFT,"[14, 43]",5677.477181818182
HARD-SOFT-MEDIUM,"[14, 28]",5677.4771818181825
SOFT-MEDIUM-HARD,"[13, 42]",5678.101199999999
SOFT-HARD-MEDIUM,"[13, 28]",5678.101199999999
HARD-SOFT-MEDIUM,"[15, 28]",5678.1012
HARD-MEDIUM-SOFT,"[15, 44]",5678.101200000001
SOFT-MEDIUM-HARD,"[10, 38]",5678.404666666666
SOFT-HARD-MEDIUM,"[10, 29]",5678.404666666667
HARD-SOFT-MEDIUM,"[19, 29]",5678.404666666668
SOFT-HARD-MEDIUM,"[12, 28]",5678.950169696969
SOFT-MEDIUM-HARD,"[12, 41]",5678.950169696969
HARD-SOFT-MEDIUM,"[16, 28]",5678.95016969697
MEDIUM-HARD,[23],5679.72106060606
HARD-MEDIUM,[34],5679.721060606063
MEDIUM-HARD,[24],5679.758236363636
HARD-MEDIUM,[33],5679.7582363636375
SOFT-HARD,[15],5679.874345454546
MEDIUM-SOFT-HARD,"[10, 20]",5679.910284848484
SOFT-MEDIUM-HARD,"[10, 20]",5679.910284848484
MEDIUM-SOFT,[32],5679.965818181818
SOFT-MEDIUM,[25],5679.965818181818
MEDIUM-HARD,[22],5679.999878787878
HARD-MEDIUM,[35],5679.999878787879
SOFT-MEDIUM-HARD,"[11, 40]",5680.02409090909
SOFT-HARD-MEDIUM,"[11, 28]",5680.024090909091
HARD-SOFT-MEDIUM,"[17, 28]",5680.024090909092
MEDIUM-HARD,[25],5680.111406060605
HARD-MEDIUM,[32],5680.111406060607
MEDIUM-HARD,[21],5680.59469090909
HARD-MEDIUM,[36],5680.594690909092
MEDIUM-HARD,[26],5680.780569696968
HARD-MEDIUM,[31],5680.780569696971
SOFT-HARD-MEDIUM,"[16, 27]",5680.918981818181
HARD-SOFT-MEDIUM,"[11, 27]",5680.918981818182
HARD-MEDIUM-SOFT,"[11, 41]",5680.918981818182
SOFT-HARD-MEDIUM,"[15, 27]",5680.962981818181
HARD-SOFT-MEDIUM,"[12, 27]",5680.962981818182
HARD-MEDIUM-SOFT,"[12, 42]",5680.962981818183
SOFT-HARD-MEDIUM,"[17, 27]",5681.099933333333
HARD-SOFT-MEDIUM,"[10, 27]",5681.099933333334
HARD-MEDIUM-SOFT,"[10, 40]",5681.099933333334
SOFT-MEDIUM-HARD,"[14, 44]",5681.231933333332
SOFT-HARD-MEDIUM,"[14, 27]",5681.231933333333
HARD-MEDIUM-SOFT,"[13, 43]",5681.2319333333335
HARD-SOFT-MEDIUM,"[13, 27]",5681.231933333334
SOFT-MEDIUM-HARD,"[10, 39]",5681.322963636362
SOFT-HARD-MEDIUM,"[10, 28]",5681.322963636364
HARD-SOFT-MEDIUM,"[18, 28]",5681.322963636365
MEDIUM-HARD,[20],5681.505496969697
HARD-MEDIUM,[37],5681.5054969696985
SOFT-MEDIUM-HARD,"[13, 43]",5681.725836363636
SOFT-HARD-MEDIUM,"[13, 27]",5681.725836363636
HARD-SOFT-MEDIUM,"[14, 27]",5681.7258363636365
HARD-MEDIUM-SOFT,"[14, 44]",5681.7258363636365
MEDIUM-HARD,[27],5681.7657272727265
HARD-MEDIUM,[30],5681.765727272728
SOFT-HARD-MEDIUM,"[12, 27]",5682.44469090909
SOFT-MEDIUM-HARD,"[12, 42]",5682.44469090909
HARD-SOFT-MEDIUM,"[15, 27]",5682.444690909091
MEDIUM-HARD,[19],5682.732296969696
HARD-MEDIUM,[38],5682.732296969698
MEDIUM-HARD,[28],5683.066878787878
HARD-MEDIUM,[29],5683.06687878788
SOFT-MEDIUM-HARD,"[11, 41]",5683.388496969696
SOFT-HARD-MEDIUM,"[11, 27]",5683.3884969696965
HARD-SOFT-MEDIUM,"[16, 27]",5683.388496969697
SOFT-MEDIUM,[24],5683.728909090909
MEDIUM-SOFT,[33],5683.728909090909
SOFT-HARD,[14],5684.046751515151
MEDIUM-HARD,[18],5684.27509090909
HARD-MEDIUM,[39],5684.275090909092
SOFT-MEDIUM-HARD,"[10, 40]",5684.557254545453
SOFT-HARD-MEDIUM,"[10, 27]",5684.557254545454
HARD-SOFT-MEDIUM,"[17, 27]",5684.557254545455
MEDIUM-HARD,[29],5684.684024242423
HARD-MEDIUM,[28],5684.684024242425
SOFT-HARD-MEDIUM,"[15, 26]",5685.163842424242
HARD-SOFT-MEDIUM,"[11, 26]",5685.163842424243
HARD-MEDIUM-SOFT,"[11, 42]",5685.163842424243
SOFT-HARD-MEDIUM,"[16, 26]",5685.249957575757
HARD-SOFT-MEDIUM,"[10, 26]",5685.249957575758
HARD-MEDIUM-SOFT,"[10, 41]",5685.249957575758
SOFT-HARD-MEDIUM,"[14, 26]",5685.302678787879
HARD-SOFT-MEDIUM,"[12, 26]",5685.30267878788
HARD-MEDIUM-SOFT,"[12, 43]",5685.30267878788
SOFT-MEDIUM-HARD,"[13, 44]",5685.666466666667
SOFT-HARD-MEDIUM,"[13, 26]",5685.666466666667
HARD-SOFT-MEDIUM,"[13, 26]",5685.6664666666675
HARD-MEDIUM-SOFT,"[13, 44]",5685.6664666666675
MEDIUM-HARD,[17],5686.1338787878785
SOFT-HARD-MEDIUM,"[12, 26]",5686.255206060606
SOFT-MEDIUM-HARD,"[12, 43]",5686.255206060606
HARD-SOFT-MEDIUM,"[14, 26]",5686.255206060607
MEDIUM-HARD,[30],5686.617163636362
HARD-MEDIUM,[27],5686.617163636364
SOFT-MEDIUM-HARD,"[11, 42]",5687.068896969696
SOFT-HARD-MEDIUM,"[11, 26]",5687.068896969697
HARD-SOFT-MEDIUM,"[15, 26]",5687.068896969698
MEDIUM-SOFT,[34],5687.7727151515155
SOFT-MEDIUM,[23],5687.772715151516
SOFT-MEDIUM-HARD,"[10, 41]",5688.107539393938
SOFT-HARD-MEDIUM,"[10, 26]",5688.10753939394
HARD-SOFT-MEDIUM,"[16, 26]",5688.10753939394
MEDIUM-HARD,[16],5688.308660606061
SOFT-HARD,[13],5688.444109090909
MEDIUM-HARD,[31],5688.866296969695
HARD-MEDIUM,[26],5688.866296969698
SOFT-HARD-MEDIUM,"[15, 25]",5689.680696969696
HARD-MEDIUM-SOFT,"[10, 42]",5689.680696969697
HARD-SOFT-MEDIUM,"[10, 25]",5689.680696969697
SOFT-HARD-MEDIUM,"[14, 25]",5689.689418181817
HARD-MEDIUM-SOFT,"[11, 43]",5689.689418181818
HARD-SOFT-MEDIUM,"[11, 25]",5689.689418181818
SOFT-HARD-MEDIUM,"[13, 25]",5689.92309090909
HARD-SOFT-MEDIUM,"[12, 25]",5689.923090909091
HARD-MEDIUM-SOFT,"[12, 44]",5689.923090909092
SOFT-HARD-MEDIUM,"[12, 25]",5690.381715151514
SOFT-MEDIUM-HARD,"[12, 44]",5690.381715151515
HARD-SOFT-MEDIUM,"[13, 25]",5690.381715151515
MEDIUM-HARD,[15],5690.799436363636
SOFT-MEDIUM-HARD,"[11, 43]",5691.0652909090895
HARD-SOFT-MEDIUM,"[14, 25]",5691.06529090909
SOFT-HARD-MEDIUM,"[11, 25]",5691.06529090909
MEDIUM-HARD,[32],5691.431424242423
HARD-MEDIUM,[25],5691.431424242424
SOFT-MEDIUM-HARD,"[10, 42]",5691.973818181817
HARD-SOFT-MEDIUM,"[15, 25]",5691.9738181818175
SOFT-HARD-MEDIUM,"[10, 25]",5691.9738181818175
SOFT-MEDIUM,[22],5692.0972363636365
MEDIUM-SOFT,[35],5692.097236363637
SOFT-HARD,[12],5693.066418181818
MEDIUM-HARD,[14],5693.606206060606
MEDIUM-HARD,[33],5694.312545454544
HARD-MEDIUM,[24],5694.312545454546
HARD-MEDIUM-SOFT,"[10, 43]",5694.392151515151
SOFT-HARD-MEDIUM,"[14, 24]",5694.392151515151
HARD-SOFT-MEDIUM,"[10, 24]",5694.392151515152
SOFT-HARD-MEDIUM,"[13, 24]",5694.495709090908
HARD-MEDIUM-SOFT,"[11, 44]",5694.495709090909
HARD-SOFT-MEDIUM,"[11, 24]",5694.495709090909
SOFT-HARD-MEDIUM,"[12, 24]",5694.824218181818
HARD-SOFT-MEDIUM,"[12, 24]",5694.824218181819
SOFT-MEDIUM-HARD,"[11, 44]",5695.377678787878
SOFT-HARD-MEDIUM,"[11, 24]",5695.377678787879
HARD-SOFT-MEDIUM,"[13, 24]",5695.37767878788
SOFT-MEDIUM-HARD,"[10, 43]",5696.1560909090895
HARD-SOFT-MEDIUM,"[14, 24]",5696.156090909091
SOFT-HARD-MEDIUM,"[10, 24]",5696.156090909091
SOFT-MEDIUM,[21],5696.702472727273
MEDIUM-SOFT,[36],5696.702472727273
MEDIUM-HARD,[13],5696.72896969697
MEDIUM-HARD,[34],5697.50966060606
HARD-MEDIUM,[23],5697.509660606062
SOFT-HARD,[11],5697.91367878788
SOFT-HARD-MEDIUM,"[13, 23]",5699.384321212122
HARD-MEDIUM-SOFT,"[10, 44]",5699.384321212122
HARD-SOFT-MEDIUM,"[10, 23]",5699.384321212123
HARD-SOFT-MEDIUM,"[11, 23]",5699.582715151516
SOFT-HARD-MEDIUM,"[12, 23]",5699.582715151516
HARD-SOFT-MEDIUM,"[12, 23]",5700.0060606060615
SOFT-HARD-MEDIUM,"[11, 23]",5700.0060606060615
MEDIUM-HARD,[12],5700.167727272728
SOFT-MEDIUM-HARD,"[10, 44]",5700.654357575757
HARD-SOFT-MEDIUM,"[13, 23]",5700.654357575759
SOFT-HARD-MEDIUM,"[10, 23]",5700.654357575759
MEDIUM-HARD,[35],5701.022769696969
HARD-MEDIUM,[22],5701.0227696969705
MEDIUM-SOFT,[37],5701.588424242424
SOFT-MEDIUM,[20],5701.588424242425
SOFT-HARD,[10],5702.985890909092
MEDIUM-HARD,[11],5703.922478787879
SOFT-HARD-MEDIUM,"[12, 22]",5704.657206060606
HARD-SOFT-MEDIUM,"[10, 22]",5704.657206060607
MEDIUM-HARD,[36],5704.851872727272
HARD-MEDIUM,[21],5704.851872727274
SOFT-HARD-MEDIUM,"[11, 22]",5704.950436363636
HARD-SOFT-MEDIUM,"[11, 22]",5704.950436363637
SOFT-HARD-MEDIUM,"[10, 22]",5705.468618181819
HARD-SOFT-MEDIUM,"[12, 22]",5705.468618181819
SOFT-MEDIUM,[19],5706.755090909091
MEDIUM-SOFT,[38],5706.755090909091
MEDIUM-HARD,[10],5707.993224242425
MEDIUM-HARD,[37],5708.996969696968
HARD-MEDIUM,[20],5708.996969696972
SOFT-HARD-MEDIUM,"[11, 21]",5710.210806060606
HARD-SOFT-MEDIUM,"[10, 21]",5710.210806060607
SOFT-HARD-MEDIUM,"[10, 21]",5710.598872727273
HARD-SOFT-MEDIUM,"[11, 21]",5710.598872727273
SOFT-MEDIUM,[18],5712.202472727274
MEDIUM-SOFT,[39],5712.202472727274
MEDIUM-HARD,[38],5713.45806060606
HARD-MEDIUM,[19],5713.458060606062
SOFT-HARD-MEDIUM,"[10, 20]",5716.0451212121225
HARD-SOFT-MEDIUM,"[10, 20]",5716.0451212121225
SOFT-MEDIUM,[17],5717.93056969697
MEDIUM-HARD,[39],5718.235145454544
HARD-MEDIUM,[18],5718.235145454547
HARD-MEDIUM,[17],5723.328224242426
SOFT-MEDIUM,[16],5723.9393818181825
HARD-MEDIUM,[16],5728.737296969698
SOFT-MEDIUM,[15],5730.22890909091
HARD-MEDIUM,[15],5734.462363636365
SOFT-MEDIUM,[14],5736.799151515151
HARD-MEDIUM,[14],5740.503424242424
SOFT-MEDIUM,[13],5743.65010909091
HARD-MEDIUM,[13],5746.860478787879
SOFT-MEDIUM,[12],5750.781781818183
HARD-MEDIUM,[12],5753.533527272729
SOFT-MEDIUM,[11],5758.19416969697
HARD-MEDIUM,[11],5760.52256969697
SOFT-MEDIUM,[10],5765.887272727273
HARD-MEDIUM,[10],5767.827606060607
